time,open,high,low,close,tick_volume
2026-05-04 17:00:00,14353.812,14384.057,14351.087,14354.074,3532
2026-05-04 18:00:00,14354.059,14388.076,14342.508,14367.486,3541
2026-05-04 19:00:00,14367.455,14367.455,14342.062,14345.984,3529
2026-05-04 20:00:00,14345.979,14345.979,14294.175,14294.175,3527
2026-05-04 21:00:00,14294.16,14294.16,14262.708,14262.708,3527
2026-05-04 22:00:00,14262.702,14275.504,14230.838,14230.838,3528
2026-05-04 23:00:00,14230.833,14237.612,14201.072,14202.555,3517
2026-05-05 00:00:00,14202.543,14217.788,14188.063,14188.063,3543
2026-05-05 01:00:00,14188.047,14195.739,14163.697,14184.928,3522
2026-05-05 02:00:00,14184.917,14210.513,14173.088,14196.756,3522
2026-05-05 03:00:00,14196.732,14230.047,14194.315,14194.315,3516
2026-05-05 04:00:00,14194.309,14194.309,14157.656,14157.656,3502
2026-05-05 05:00:00,14157.634,14164.253,14124.278,14126.429,3539
2026-05-05 06:00:00,14126.428,14187.959,14124.455,14185.852,3514
2026-05-05 07:00:00,14185.832,14195.483,14176.428,14179.092,3544
2026-05-05 08:00:00,14179.052,14205.352,14164.104,14196.486,3524
2026-05-05 09:00:00,14196.485,14263.245,14184.559,14246.306,3539
2026-05-05 10:00:00,14246.283,14288.958,14228.403,14276.097,3526
2026-05-05 11:00:00,14276.082,14299.078,14262.927,14277.515,3519
2026-05-05 12:00:00,14277.499,14290.719,14262.534,14277.071,3511
2026-05-05 13:00:00,14277.039,14282.098,14244.585,14263.162,3547
2026-05-05 14:00:00,14263.152,14326.722,14260.802,14310.895,3539
2026-05-05 15:00:00,14310.89,14333.595,14294.619,14321.183,3527
2026-05-05 16:00:00,14321.181,14321.181,14295.424,14295.424,3527
2026-05-05 17:00:00,14295.409,14300.8,14274.247,14291.833,3529
2026-05-05 18:00:00,14291.81,14305.786,14272.884,14278.946,3526
2026-05-05 19:00:00,14278.945,14299.072,14271.263,14272.874,3536
2026-05-05 20:00:00,14272.853,14298.003,14262.401,14279.792,3538
2026-05-05 21:00:00,14279.79,14306.62,14264.132,14286.463,3516
2026-05-05 22:00:00,14286.459,14334.869,14267.715,14334.647,3527
2026-05-05 23:00:00,14334.639,14334.639,14296.427,14296.427,3531
2026-05-06 00:00:00,14296.409,14296.409,14255.486,14255.486,3528
2026-05-06 01:00:00,14255.476,14329.436,14238.294,14323.182,3528
2026-05-06 02:00:00,14323.173,14331.699,14309.291,14327.901,3515
2026-05-06 03:00:00,14327.889,14357.401,14292.697,14352.07,3540
2026-05-06 04:00:00,14352.019,14352.019,14323.186,14334.342,3529
2026-05-06 05:00:00,14334.327,14334.327,14303.888,14303.888,3539
2026-05-06 06:00:00,14303.865,14303.865,14271.74,14271.74,3530
2026-05-06 07:00:00,14271.736,14287.842,14251.651,14284.71,3516
2026-05-06 08:00:00,14284.699,14309.652,14272.654,14272.654,3518
2026-05-06 09:00:00,14272.643,14274.421,14254.687,14254.687,3530
2026-05-06 10:00:00,14254.671,14275.84,14230.113,14257.149,3519
2026-05-06 11:00:00,14257.112,14285.405,14233.41,14269.322,3525
2026-05-06 12:00:00,14269.317,14269.317,14245.361,14245.361,3539
2026-05-06 13:00:00,14245.353,14317.086,14239.775,14294.212,3507
2026-05-06 14:00:00,14294.207,14302.281,14273.926,14273.926,3530
2026-05-06 15:00:00,14273.92,14279.598,14253.305,14253.305,3527
2026-05-06 16:00:00,14253.301,14255.267,14225.97,14225.97,3525
2026-05-06 17:00:00,14225.965,14239.966,14193.823,14193.823,3541
2026-05-06 18:00:00,14193.808,14193.808,14145.381,14145.381,3528
2026-05-06 19:00:00,14145.366,14149.474,14127.826,14127.826,3535
2026-05-06 20:00:00,14127.796,14170.038,14122.425,14160.346,3538
2026-05-06 21:00:00,14160.319,14160.319,14123.536,14139.552,3519
2026-05-06 22:00:00,14139.522,14151.099,14102.669,14138.533,3529
2026-05-06 23:00:00,14138.521,14138.521,14093.283,14093.283,3523
2026-05-07 00:00:00,14093.281,14188.388,14072.877,14186.649,3539
2026-05-07 01:00:00,14186.646,14186.646,14136.578,14136.578,3521
2026-05-07 02:00:00,14136.553,14188.725,14123.048,14174.921,3536
2026-05-07 03:00:00,14174.914,14175.479,14140.902,14160.39,3524
2026-05-07 04:00:00,14160.372,14199.691,14152.642,14192.437,3524
2026-05-07 05:00:00,14192.427,14192.427,14157.451,14157.451,3528
2026-05-07 06:00:00,14157.448,14157.448,14124.524,14127.338,3524
2026-05-07 07:00:00,14127.335,14147.853,14113.089,14118.823,3509
2026-05-07 08:00:00,14118.822,14121.103,14091.551,14108.088,3531
2026-05-07 09:00:00,14108.084,14164.569,14090.944,14151.956,3547
2026-05-07 10:00:00,14151.955,14151.955,14112.096,14112.096,3521
2026-05-07 11:00:00,14112.086,14112.918,14088.446,14092.91,3525
2026-05-07 12:00:00,14092.892,14099.513,14062.186,14062.186,3514
2026-05-07 13:00:00,14062.172,14062.172,14024.419,14041.123,3530
2026-05-07 14:00:00,14041.111,14046.812,14005.83,14005.83,3531
2026-05-07 15:00:00,14005.806,14010.698,13981.014,13981.014,3520
2026-05-07 16:00:00,13981.0,14060.976,13980.597,14041.054,3529
2026-05-07 17:00:00,14041.04,14041.04,14016.502,14020.936,3530
2026-05-07 18:00:00,14020.931,14030.361,14002.54,14020.844,3517
2026-05-07 19:00:00,14020.811,14020.811,13981.473,13981.473,3527
2026-05-07 20:00:00,13981.425,14011.464,13971.202,14010.943,3532
2026-05-07 21:00:00,14010.922,14010.922,13965.752,13965.752,3541
2026-05-07 22:00:00,13965.747,13965.747,13919.987,13919.987,3527
2026-05-07 23:00:00,13919.975,13954.672,13907.606,13933.38,3517
2026-05-08 00:00:00,13933.366,13933.698,13913.931,13913.931,3523
2026-05-08 01:00:00,13913.91,13940.404,13906.759,13932.161,3530
2026-05-08 02:00:00,13932.161,13959.372,13909.197,13946.188,3529
2026-05-08 03:00:00,13946.154,13990.414,13937.236,13984.47,3531
2026-05-08 04:00:00,13984.452,13990.315,13961.423,13961.423,3547
2026-05-08 05:00:00,13961.405,13961.405,13939.412,13939.412,3530
2026-05-08 06:00:00,13939.405,13948.15,13925.852,13925.852,3537
2026-05-08 07:00:00,13925.839,13940.828,13913.642,13913.642,3535
2026-05-08 08:00:00,13913.633,13913.633,13889.712,13911.324,3531
2026-05-08 09:00:00,13911.305,13944.503,13905.051,13923.307,3515
2026-05-08 10:00:00,13923.28,13942.098,13914.244,13920.222,3526
2026-05-08 11:00:00,13920.217,13977.609,13912.778,13957.814,3519
2026-05-08 12:00:00,13957.814,13957.814,13907.676,13907.676,3524
2026-05-08 13:00:00,13907.662,13937.636,13900.245,13924.258,3536
2026-05-08 14:00:00,13924.238,13964.698,13913.29,13945.044,3516
2026-05-08 15:00:00,13945.031,13945.031,13914.541,13914.541,3536
2026-05-08 16:00:00,13914.53,13935.526,13892.332,13892.332,3522
2026-05-08 17:00:00,13892.307,13896.373,13871.782,13876.432,3534
2026-05-08 18:00:00,13876.43,13901.412,13874.013,13893.574,3517
2026-05-08 19:00:00,13893.551,13893.816,13868.13,13876.426,3539
2026-05-08 20:00:00,13876.419,13883.275,13853.131,13858.952,3538
2026-05-08 21:00:00,13858.949,13887.347,13849.704,13852.393,3536
2026-05-08 22:00:00,13852.381,13859.157,13808.243,13859.073,3522
2026-05-08 23:00:00,13859.059,13859.501,13824.324,13824.324,3535
2026-05-09 00:00:00,13824.312,13824.312,13782.159,13782.159,3515
2026-05-09 01:00:00,13782.141,13844.313,13775.137,13843.866,3536
2026-05-09 02:00:00,13843.86,13892.73,13840.829,13871.403,3519
2026-05-09 03:00:00,13871.386,13897.564,13865.616,13882.725,3532
2026-05-09 04:00:00,13882.716,13904.9,13872.455,13883.068,3533
2026-05-09 05:00:00,13883.065,13912.235,13871.095,13906.274,3533
2026-05-09 06:00:00,13906.251,13906.251,13873.162,13879.66,3522
2026-05-09 07:00:00,13879.625,13879.625,13841.735,13841.735,3533
2026-05-09 08:00:00,13841.73,13846.446,13814.247,13831.127,3530
2026-05-09 09:00:00,13831.112,13831.112,13785.941,13785.941,3522
2026-05-09 10:00:00,13785.935,13829.003,13770.118,13812.759,3515
2026-05-09 11:00:00,13812.753,13818.48,13797.407,13797.407,3505
2026-05-09 12:00:00,13797.388,13797.388,13759.609,13770.162,3537
2026-05-09 13:00:00,13770.149,13785.053,13751.116,13769.446,3525
2026-05-09 14:00:00,13769.442,13853.17,13755.68,13851.878,3517
2026-05-09 15:00:00,13851.872,13887.501,13839.561,13884.924,3527
2026-05-09 16:00:00,13884.92,13894.305,13860.531,13880.458,3526
2026-05-09 17:00:00,13880.433,13880.433,13830.597,13830.597,3537
2026-05-09 18:00:00,13830.583,13830.583,13799.472,13808.959,3529
2026-05-09 19:00:00,13808.919,13815.973,13790.693,13793.966,3536
2026-05-09 20:00:00,13793.931,13828.883,13774.0,13815.611,3522
2026-05-09 21:00:00,13815.586,13861.329,13782.553,13853.105,3538
2026-05-09 22:00:00,13853.099,13881.356,13850.96,13854.305,3532
2026-05-09 23:00:00,13854.303,13872.408,13834.2,13857.729,3524
2026-05-10 00:00:00,13857.723,13857.723,13826.301,13839.795,3522
2026-05-10 01:00:00,13839.774,13862.397,13829.968,13840.532,3529
2026-05-10 02:00:00,13840.49,13840.49,13802.499,13825.661,3527
2026-05-10 03:00:00,13825.66,13825.66,13786.002,13786.002,3530
2026-05-10 04:00:00,13785.993,13785.993,13742.302,13743.809,3543
2026-05-10 05:00:00,13743.792,13748.335,13724.4,13729.906,3545
2026-05-10 06:00:00,13729.892,13737.298,13699.754,13735.93,3515
2026-05-10 07:00:00,13735.922,13769.267,13716.939,13755.499,3516
2026-05-10 08:00:00,13755.493,13755.493,13710.842,13710.842,3520
2026-05-10 09:00:00,13710.835,13716.462,13692.966,13692.966,3515
2026-05-10 10:00:00,13692.953,13707.149,13674.831,13674.831,3532
2026-05-10 11:00:00,13674.831,13699.2,13654.072,13691.378,3533
2026-05-10 12:00:00,13691.378,13691.378,13642.58,13642.58,3523
2026-05-10 13:00:00,13642.567,13644.402,13607.679,13607.679,3529
2026-05-10 14:00:00,13607.66,13625.163,13591.858,13607.063,3535
2026-05-10 15:00:00,13607.053,13611.633,13580.779,13580.779,3510
2026-05-10 16:00:00,13580.773,13580.773,13532.352,13532.352,3524
2026-05-10 17:00:00,13532.318,13532.318,13489.496,13489.496,3538
2026-05-10 18:00:00,13489.475,13501.302,13474.083,13492.068,3505
2026-05-10 19:00:00,13492.058,13508.584,13476.091,13476.091,3538
2026-05-10 20:00:00,13476.09,13476.09,13448.201,13448.201,3510
2026-05-10 21:00:00,13448.184,13459.299,13427.882,13447.842,3515
2026-05-10 22:00:00,13447.816,13494.696,13446.998,13491.156,3520
2026-05-10 23:00:00,13491.153,13516.92,13459.663,13510.22,3535
2026-05-11 00:00:00,13510.21,13510.21,13486.882,13499.662,3534
2026-05-11 01:00:00,13499.641,13499.641,13460.754,13460.754,3529
2026-05-11 02:00:00,13460.744,13535.913,13456.028,13522.864,3521
2026-05-11 03:00:00,13522.842,13547.617,13511.566,13511.566,3530
2026-05-11 04:00:00,13511.548,13553.57,13509.343,13531.185,3521
2026-05-11 05:00:00,13531.181,13560.985,13517.262,13544.363,3542
2026-05-11 06:00:00,13544.352,13551.895,13511.802,13511.802,3530
2026-05-11 07:00:00,13511.79,13553.567,13494.898,13547.557,3536
2026-05-11 08:00:00,13547.556,13568.856,13538.369,13549.62,3520
2026-05-11 09:00:00,13549.609,13556.635,13536.619,13536.619,3525
2026-05-11 10:00:00,13536.606,13536.606,13504.471,13518.548,3547
2026-05-11 11:00:00,13518.546,13537.842,13500.967,13528.13,3531
2026-05-11 12:00:00,13528.126,13535.516,13505.362,13528.43,3512
2026-05-11 13:00:00,13528.428,13528.428,13501.796,13501.796,3514
2026-05-11 14:00:00,13501.791,13501.791,13469.036,13469.036,3537
2026-05-11 15:00:00,13469.035,13469.035,13422.3,13422.3,3525
2026-05-11 16:00:00,13422.261,13542.143,13415.713,13531.269,3512
2026-05-11 17:00:00,13531.254,13585.267,13526.098,13572.192,3523
2026-05-11 18:00:00,13572.179,13572.179,13523.828,13523.828,3533
2026-05-11 19:00:00,13523.828,13523.828,13493.171,13509.373,3525
2026-05-11 20:00:00,13509.361,13531.88,13498.22,13498.22,3524
2026-05-11 21:00:00,13498.207,13522.677,13479.013,13479.013,3530
2026-05-11 22:00:00,13479.006,13479.006,13438.983,13438.983,3512
2026-05-11 23:00:00,13438.971,13438.971,13390.447,13390.447,3525
2026-05-12 00:00:00,13390.444,13419.502,13387.992,13398.091,3525
2026-05-12 01:00:00,13398.09,13398.09,13361.575,13361.575,3538
2026-05-12 02:00:00,13361.569,13362.682,13332.279,13358.88,3528
2026-05-12 03:00:00,13358.874,13358.874,13321.692,13321.692,3536
2026-05-12 04:00:00,13321.676,13321.676,13289.394,13298.718,3511
2026-05-12 05:00:00,13298.689,13345.055,13296.749,13332.859,3523
2026-05-12 06:00:00,13332.849,13357.829,13327.079,13338.485,3532
2026-05-12 07:00:00,13338.473,13362.399,13332.927,13346.659,3530
2026-05-12 08:00:00,13346.64,13389.327,13343.588,13382.904,3519
2026-05-12 09:00:00,13382.898,13416.604,13371.598,13413.326,3517
2026-05-12 10:00:00,13413.291,13413.291,13381.766,13381.766,3526
2026-05-12 11:00:00,13381.759,13405.612,13374.985,13400.795,3519
2026-05-12 12:00:00,13400.775,13448.121,13396.872,13442.669,3528
2026-05-12 13:00:00,13442.661,13456.527,13417.48,13438.037,3519
2026-05-12 14:00:00,13438.029,13460.39,13419.762,13459.488,3523
2026-05-12 15:00:00,13459.478,13509.348,13445.174,13503.979,3531
2026-05-12 16:00:00,13503.944,13521.207,13479.172,13509.077,3511
2026-05-12 17:00:00,13509.055,13509.055,13460.616,13460.616,3517
2026-05-12 18:00:00,13460.613,13474.105,13427.277,13427.277,3515
2026-05-12 19:00:00,13427.276,13437.824,13415.923,13415.923,3526
2026-05-12 20:00:00,13415.898,13453.614,13400.538,13442.869,3534
2026-05-12 21:00:00,13442.862,13442.862,13410.247,13410.247,3527
2026-05-12 22:00:00,13410.238,13435.746,13401.443,13421.569,3527
2026-05-12 23:00:00,13421.534,13515.397,13417.164,13509.136,3538
2026-05-13 00:00:00,13509.109,13509.109,13467.32,13485.933,3517
2026-05-13 01:00:00,13485.914,13531.28,13479.38,13525.253,3533
2026-05-13 02:00:00,13525.233,13526.487,13485.218,13485.218,3514
2026-05-13 03:00:00,13485.209,13517.448,13461.524,13494.395,3526
2026-05-13 04:00:00,13494.373,13512.001,13476.54,13481.63,3537
2026-05-13 05:00:00,13481.622,13481.622,13443.476,13443.476,3531
2026-05-13 06:00:00,13443.464,13476.165,13437.361,13451.373,3535
2026-05-13 07:00:00,13451.356,13452.3,13410.797,13410.797,3516
2026-05-13 08:00:00,13410.794,13417.275,13398.746,13398.746,3515
2026-05-13 09:00:00,13398.732,13459.72,13385.475,13436.315,3522
2026-05-13 10:00:00,13436.311,13436.311,13391.728,13391.728,3525
2026-05-13 11:00:00,13391.726,13438.985,13390.02,13424.456,3528
2026-05-13 12:00:00,13424.455,13424.455,13385.806,13385.806,3526
2026-05-13 13:00:00,13385.79,13385.79,13339.782,13362.484,3512
2026-05-13 14:00:00,13362.479,13391.905,13356.989,13386.527,3538
2026-05-13 15:00:00,13386.514,13386.514,13341.808,13341.808,3526
2026-05-13 16:00:00,13341.796,13358.197,13332.941,13332.941,3510
2026-05-13 17:00:00,13332.94,13358.964,13322.389,13338.276,3534
2026-05-13 18:00:00,13338.276,13358.095,13308.625,13351.093,3525
2026-05-13 19:00:00,13351.091,13351.091,13316.662,13316.662,3516
2026-05-13 20:00:00,13316.654,13325.462,13302.643,13302.643,3527
2026-05-13 21:00:00,13302.624,13302.624,13263.701,13263.701,3518
2026-05-13 22:00:00,13263.681,13278.494,13256.549,13271.009,3528
2026-05-13 23:00:00,13270.985,13322.762,13268.945,13314.181,3520
2026-05-14 00:00:00,13314.153,13338.726,13296.057,13329.117,3525
2026-05-14 01:00:00,13329.114,13353.935,13323.611,13327.239,3522
2026-05-14 02:00:00,13327.238,13381.067,13315.149,13369.178,3540
2026-05-14 03:00:00,13369.161,13369.161,13320.802,13320.802,3504
2026-05-14 04:00:00,13320.795,13344.558,13296.425,13321.087,3530
2026-05-14 05:00:00,13321.065,13448.31,13319.882,13446.081,3522
2026-05-14 06:00:00,13446.07,13446.07,13410.906,13431.7,3523
2026-05-14 07:00:00,13431.679,13462.242,13427.564,13453.783,3526
2026-05-14 08:00:00,13453.768,13475.508,13432.663,13457.606,3528
2026-05-14 09:00:00,13457.576,13457.576,13409.905,13409.905,3522
2026-05-14 10:00:00,13409.896,13409.896,13386.95,13390.107,3534
2026-05-14 11:00:00,13390.087,13390.261,13349.884,13349.884,3534
2026-05-14 12:00:00,13349.878,13356.869,13322.799,13344.369,3521
2026-05-14 13:00:00,13344.358,13344.358,13305.6,13331.955,3522
2026-05-14 14:00:00,13331.955,13343.84,13301.848,13342.553,3531
2026-05-14 15:00:00,13342.548,13354.415,13323.745,13332.675,3526
2026-05-14 16:00:00,13332.654,13372.626,13332.654,13348.346,3520
2026-05-14 17:00:00,13348.312,13361.056,13330.877,13352.885,3518
2026-05-14 18:00:00,13352.877,13369.36,13340.039,13352.983,3531
2026-05-14 19:00:00,13352.955,13414.086,13352.346,13399.811,3530
2026-05-14 20:00:00,13399.8,13429.513,13396.336,13408.022,3543
2026-05-14 21:00:00,13408.006,13423.801,13401.051,13412.114,3524
2026-05-14 22:00:00,13412.105,13412.105,13386.309,13389.263,3525
2026-05-14 23:00:00,13389.247,13389.247,13362.35,13362.35,3519
2026-05-15 00:00:00,13362.344,13362.344,13327.487,13340.28,3528
2026-05-15 01:00:00,13340.252,13340.252,13293.451,13293.451,3527
2026-05-15 02:00:00,13293.446,13293.446,13262.055,13284.441,3496
2026-05-15 03:00:00,13284.421,13286.36,13259.013,13274.401,3527
2026-05-15 04:00:00,13274.399,13310.127,13267.455,13305.654,3534
2026-05-15 05:00:00,13305.64,13310.63,13280.588,13280.588,3540
2026-05-15 06:00:00,13280.571,13288.007,13244.636,13244.636,3537
2026-05-15 07:00:00,13244.635,13257.911,13222.824,13246.1,3530
2026-05-15 08:00:00,13246.098,13267.718,13228.905,13252.399,3541
2026-05-15 09:00:00,13252.372,13263.491,13233.189,13242.045,3529
2026-05-15 10:00:00,13242.03,13255.307,13225.377,13225.377,3533
2026-05-15 11:00:00,13225.342,13225.342,13184.642,13202.054,3506
2026-05-15 12:00:00,13202.052,13202.052,13172.294,13176.027,3517
2026-05-15 13:00:00,13176.009,13179.5,13158.976,13174.957,3532
2026-05-15 14:00:00,13174.947,13184.858,13155.709,13163.469,3517
2026-05-15 15:00:00,13163.462,13206.055,13154.259,13204.827,3523
2026-05-15 16:00:00,13204.794,13204.794,13171.764,13188.087,3532
2026-05-15 17:00:00,13188.072,13206.36,13173.43,13189.882,3521
2026-05-15 18:00:00,13189.879,13242.456,13185.908,13207.475,3511
2026-05-15 19:00:00,13207.47,13271.244,13207.067,13248.051,3516
2026-05-15 20:00:00,13248.047,13277.05,13220.972,13267.706,3543
2026-05-15 21:00:00,13267.689,13267.689,13219.814,13219.814,3545
2026-05-15 22:00:00,13219.797,13224.855,13190.215,13190.215,3500
2026-05-15 23:00:00,13190.195,13192.605,13159.666,13166.086,3516
2026-05-16 00:00:00,13166.064,13240.085,13163.722,13226.493,3530
2026-05-16 01:00:00,13226.473,13230.435,13213.172,13224.355,3544
2026-05-16 02:00:00,13224.346,13224.346,13199.14,13205.64,3528
2026-05-16 03:00:00,13205.625,13217.927,13178.686,13178.686,3512
2026-05-16 04:00:00,13178.667,13178.667,13141.342,13141.342,3534
2026-05-16 05:00:00,13141.32,13152.06,13119.259,13124.762,3529
2026-05-16 06:00:00,13124.755,13124.755,13093.666,13093.666,3522
2026-05-16 07:00:00,13093.658,13141.293,13088.314,13136.799,3522
2026-05-16 08:00:00,13136.78,13137.764,13115.816,13115.816,3520
2026-05-16 09:00:00,13115.791,13123.399,13091.371,13091.371,3517
2026-05-16 10:00:00,13091.351,13091.351,13060.612,13060.612,3518
2026-05-16 11:00:00,13060.6,13087.301,13053.559,13078.176,3526
2026-05-16 12:00:00,13078.171,13173.381,13072.224,13160.77,3516
2026-05-16 13:00:00,13160.76,13170.867,13139.951,13163.719,3527
2026-05-16 14:00:00,13163.716,13170.792,13139.571,13164.867,3504
2026-05-16 15:00:00,13164.861,13182.277,13148.64,13148.64,3518
2026-05-16 16:00:00,13148.62,13181.503,13147.884,13155.403,3533
2026-05-16 17:00:00,13155.396,13167.846,13134.045,13150.665,3507
2026-05-16 18:00:00,13150.655,13150.655,13107.234,13107.234,3516
2026-05-16 19:00:00,13107.223,13135.074,13091.924,13132.234,3521
2026-05-16 20:00:00,13132.233,13171.65,13125.407,13161.371,3529
2026-05-16 21:00:00,13161.369,13188.668,13135.32,13181.339,3522
2026-05-16 22:00:00,13181.31,13197.584,13157.901,13195.667,3540
2026-05-16 23:00:00,13195.651,13195.651,13148.568,13148.568,3517
2026-05-17 00:00:00,13148.561,13159.943,13127.937,13149.28,3528
2026-05-17 01:00:00,13149.27,13149.27,13115.344,13115.344,3248
2026-05-17 02:00:00,13115.342,13134.229,13093.393,13122.65,3534
2026-05-17 03:00:00,13122.637,13222.2,13119.832,13209.295,3531
2026-05-17 04:00:00,13209.267,13251.406,13194.999,13232.776,3516
2026-05-17 05:00:00,13232.766,13267.62,13225.498,13250.955,3532
2026-05-17 06:00:00,13250.927,13253.87,13219.373,13245.444,3531
2026-05-17 07:00:00,13245.423,13269.27,13227.44,13259.02,3516
2026-05-17 08:00:00,13259.01,13281.855,13247.413,13247.413,3534
2026-05-17 09:00:00,13247.404,13252.341,13211.508,13211.508,3523
2026-05-17 10:00:00,13211.489,13233.81,13193.95,13213.466,3523
2026-05-17 11:00:00,13213.457,13239.446,13201.429,13216.282,3525
2026-05-17 12:00:00,13216.279,13216.279,13182.911,13209.46,3525
2026-05-17 13:00:00,13209.458,13243.008,13206.358,13219.905,3516
2026-05-17 14:00:00,13219.89,13226.944,13185.372,13185.372,3520
2026-05-17 15:00:00,13185.344,13187.725,13160.45,13160.45,3530
2026-05-17 16:00:00,13160.445,13172.814,13130.885,13130.885,3527
2026-05-17 17:00:00,13130.88,13147.948,13119.217,13119.217,3508
2026-05-17 18:00:00,13119.207,13139.437,13086.84,13135.075,3524
2026-05-17 19:00:00,13135.053,13157.477,13120.899,13141.774,3527
2026-05-17 20:00:00,13141.764,13153.549,13123.227,13147.869,3523
2026-05-17 21:00:00,13147.837,13175.088,13124.712,13168.977,3517
2026-05-17 22:00:00,13168.96,13275.362,13166.542,13256.683,3527
2026-05-17 23:00:00,13256.679,13256.679,13225.445,13225.445,3534
2026-05-18 00:00:00,13225.428,13225.428,13201.636,13203.0,3543
2026-05-18 01:00:00,13202.988,13202.988,13166.824,13185.659,3538
2026-05-18 02:00:00,13185.641,13271.35,13182.495,13263.253,3533
2026-05-18 03:00:00,13263.249,13284.631,13246.337,13246.337,3508
2026-05-18 04:00:00,13246.328,13250.311,13214.843,13239.686,3528
2026-05-18 05:00:00,13239.668,13248.194,13223.164,13233.657,3513
2026-05-18 06:00:00,13233.648,13258.809,13230.378,13233.397,3527
2026-05-18 07:00:00,13233.39,13233.39,13208.06,13208.06,3525
2026-05-18 08:00:00,13208.052,13235.021,13199.925,13225.078,3531
2026-05-18 09:00:00,13225.06,13304.86,13218.985,13290.521,3529
2026-05-18 10:00:00,13290.513,13319.34,13288.192,13288.192,3514
2026-05-18 11:00:00,13288.167,13288.167,13257.633,13257.633,3522
2026-05-18 12:00:00,13257.622,13269.086,13235.74,13235.74,3520
2026-05-18 13:00:00,13235.733,13265.339,13231.516,13231.516,3528
2026-05-18 14:00:00,13231.494,13247.047,13218.52,13243.27,3517
2026-05-18 15:00:00,13243.267,13243.267,13208.539,13208.798,3527
2026-05-18 16:00:00,13208.77,13249.711,13176.652,13248.09,3511
2026-05-18 17:00:00,13248.069,13253.104,13237.503,13237.86,3521
2026-05-18 18:00:00,13237.849,13263.874,13230.469,13236.917,3515
2026-05-18 19:00:00,13236.912,13248.248,13209.768,13232.788,3524
2026-05-18 20:00:00,13232.773,13243.423,13221.284,13221.509,3532
2026-05-18 21:00:00,13221.496,13221.496,13188.722,13188.722,3505
2026-05-18 22:00:00,13188.72,13198.059,13152.847,13195.101,3525
2026-05-18 23:00:00,13195.087,13217.847,13187.686,13188.808,3529
2026-05-19 00:00:00,13188.804,13211.785,13177.786,13178.736,3540
2026-05-19 01:00:00,13178.73,13201.192,13150.463,13196.225,3533
2026-05-19 02:00:00,13196.217,13227.776,13175.263,13223.183,3528
2026-05-19 03:00:00,13223.182,13236.315,13199.213,13199.213,3531
2026-05-19 04:00:00,13199.197,13219.158,13182.826,13218.332,3528
2026-05-19 05:00:00,13218.326,13221.751,13193.443,13194.434,3517
2026-05-19 06:00:00,13194.427,13213.871,13174.515,13198.94,3521
2026-05-19 07:00:00,13198.939,13198.939,13172.287,13174.437,3522
2026-05-19 08:00:00,13174.422,13219.51,13166.208,13198.778,3523
2026-05-19 09:00:00,13198.766,13207.436,13161.061,13161.061,3531
2026-05-19 10:00:00,13161.047,13219.167,13150.302,13185.71,3519
2026-05-19 11:00:00,13185.687,13208.417,13169.344,13169.344,3530
2026-05-19 12:00:00,13169.338,13178.02,13146.872,13156.839,3523
2026-05-19 13:00:00,13156.835,13164.454,13120.879,13143.124,3519
2026-05-19 14:00:00,13143.118,13170.613,13133.951,13133.951,3533
2026-05-19 15:00:00,13133.931,13145.106,13120.65,13132.185,3524
2026-05-19 16:00:00,13132.179,13193.37,13120.652,13183.224,3523
2026-05-19 17:00:00,13183.219,13218.358,13180.973,13212.676,3519
2026-05-19 18:00:00,13212.673,13239.376,13207.225,13215.061,3521
2026-05-19 19:00:00,13215.037,13222.614,13190.291,13220.51,3531
2026-05-19 20:00:00,13220.493,13248.093,13209.699,13240.851,3518
2026-05-19 21:00:00,13240.842,13249.254,13221.526,13231.37,3527
2026-05-19 22:00:00,13231.355,13243.29,13224.279,13225.32,3513
2026-05-19 23:00:00,13225.293,13248.972,13211.111,13211.111,3526
2026-05-20 00:00:00,13211.101,13211.101,13179.142,13196.416,3529
2026-05-20 01:00:00,13196.405,13196.405,13170.829,13181.531,3529
2026-05-20 02:00:00,13181.515,13219.964,13179.934,13183.588,3516
2026-05-20 03:00:00,13183.573,13197.629,13173.235,13187.304,3516
2026-05-20 04:00:00,13187.295,13187.295,13150.649,13160.578,3523
2026-05-20 05:00:00,13160.569,13191.452,13145.825,13161.88,3523
2026-05-20 06:00:00,13161.859,13240.935,13151.493,13238.292,3537
2026-05-20 07:00:00,13238.27,13276.43,13222.104,13258.704,3520
2026-05-20 08:00:00,13258.682,13282.055,13243.81,13262.846,3520
2026-05-20 09:00:00,13262.842,13274.026,13239.827,13239.827,3522
2026-05-20 10:00:00,13239.807,13243.698,13206.578,13212.975,3505
2026-05-20 11:00:00,13212.963,13212.963,13164.886,13164.886,3520
2026-05-20 12:00:00,13164.872,13167.155,13141.092,13141.092,3520
2026-05-20 13:00:00,13141.064,13141.064,13096.111,13096.111,3534
2026-05-20 14:00:00,13096.102,13138.513,13083.622,13132.586,3530
2026-05-20 15:00:00,13132.57,13132.57,13088.264,13102.178,3526
2026-05-20 16:00:00,13102.173,13110.841,13070.688,13101.216,3519
2026-05-20 17:00:00,13101.206,13115.708,13095.052,13098.065,3507
2026-05-20 18:00:00,13098.06,13139.7,13097.453,13114.074,3528
2026-05-20 19:00:00,13114.066,13114.066,13078.666,13078.666,3525
2026-05-20 20:00:00,13078.649,13097.628,13066.166,13070.553,3521
2026-05-20 21:00:00,13070.547,13076.162,13047.645,13057.539,3524
2026-05-20 22:00:00,13057.534,13070.771,13040.815,13050.873,3529
2026-05-20 23:00:00,13050.851,13079.838,13038.256,13075.226,3525
2026-05-21 00:00:00,13075.212,13077.523,13049.294,13056.324,3513
2026-05-21 01:00:00,13056.308,13057.793,13041.777,13046.797,3521
2026-05-21 02:00:00,13046.796,13046.796,13018.549,13021.297,3510
2026-05-21 03:00:00,13021.287,13073.763,13017.927,13070.309,3523
2026-05-21 04:00:00,13070.293,13086.247,13045.613,13073.889,3528
2026-05-21 05:00:00,13073.887,13073.887,13054.015,13058.002,3517
2026-05-21 06:00:00,13057.986,13090.079,13047.116,13082.027,3520
2026-05-21 07:00:00,13082.024,13091.915,13071.3,13071.3,3536
2026-05-21 08:00:00,13071.278,13114.667,13065.647,13093.268,3531
2026-05-21 09:00:00,13093.256,13094.868,13064.447,13083.692,3517
2026-05-21 10:00:00,13083.672,13124.357,13060.296,13120.735,3524
2026-05-21 11:00:00,13120.722,13157.486,13115.664,13141.283,3525
2026-05-21 12:00:00,13141.271,13142.427,13113.821,13113.821,3524
2026-05-21 13:00:00,13113.815,13145.832,13112.99,13128.164,3520
2026-05-21 14:00:00,13128.145,13168.207,13126.085,13136.71,3521
2026-05-21 15:00:00,13136.698,13151.124,13117.015,13117.015,3528
2026-05-21 16:00:00,13116.998,13116.998,13077.145,13087.405,3524
2026-05-21 17:00:00,13087.385,13122.314,13069.971,13116.314,3504
2026-05-21 18:00:00,13116.312,13134.829,13091.336,13132.15,3514
2026-05-21 19:00:00,13132.134,13191.14,13132.093,13174.128,3529
2026-05-21 20:00:00,13174.103,13195.315,13165.069,13184.778,3527
2026-05-21 21:00:00,13184.754,13214.691,13176.382,13181.9,3538
2026-05-21 22:00:00,13181.887,13210.689,13174.673,13186.693,3527
2026-05-21 23:00:00,13186.673,13186.673,13155.513,13155.513,3530
2026-05-22 00:00:00,13155.496,13185.192,13146.601,13162.061,3520
2026-05-22 01:00:00,13162.059,13184.471,13147.51,13179.289,3509
2026-05-22 02:00:00,13179.268,13188.63,13154.82,13185.521,3522
2026-05-22 03:00:00,13185.521,13204.91,13177.04,13185.88,3522
2026-05-22 04:00:00,13185.878,13185.878,13153.169,13153.169,3519
2026-05-22 05:00:00,13153.161,13168.534,13141.352,13155.204,3529
2026-05-22 06:00:00,13155.201,13170.559,13142.216,13154.709,3527
2026-05-22 07:00:00,13154.691,13154.691,13133.569,13141.113,3530
2026-05-22 08:00:00,13141.1,13145.967,13103.944,13139.882,3523
2026-05-22 09:00:00,13139.878,13187.929,13126.604,13177.347,3521
2026-05-22 10:00:00,13177.33,13177.33,13130.214,13130.214,3516
2026-05-22 11:00:00,13130.209,13145.355,13126.973,13137.602,3524
2026-05-22 12:00:00,13137.577,13167.012,13134.957,13157.674,3531
2026-05-22 13:00:00,13157.673,13167.526,13141.957,13149.908,3522
2026-05-22 14:00:00,13149.9,13205.558,13144.288,13172.62,3518
2026-05-22 15:00:00,13172.617,13183.333,13159.805,13159.805,3524
2026-05-22 16:00:00,13159.787,13161.146,13128.036,13150.709,3516
2026-05-22 17:00:00,13150.703,13150.703,13125.368,13133.479,3520
2026-05-22 18:00:00,13133.467,13153.497,13126.635,13131.351,3526
2026-05-22 19:00:00,13131.338,13133.65,13112.594,13125.753,3519
2026-05-22 20:00:00,13125.739,13150.619,13119.414,13128.391,3527
2026-05-22 21:00:00,13128.389,13143.782,13108.261,13134.33,3514
2026-05-22 22:00:00,13134.317,13192.457,13129.586,13170.123,3525
2026-05-22 23:00:00,13170.102,13239.376,13161.4,13206.091,3520
2026-05-23 00:00:00,13206.064,13225.547,13195.109,13220.841,3535
2026-05-23 01:00:00,13220.815,13274.53,13216.814,13265.066,3521
2026-05-23 02:00:00,13265.056,13292.752,13255.148,13280.787,3525
2026-05-23 03:00:00,13280.78,13301.959,13277.377,13287.313,3522
2026-05-23 04:00:00,13287.304,13295.103,13255.617,13255.617,3530
2026-05-23 05:00:00,13255.599,13269.786,13230.687,13262.063,3532
2026-05-23 06:00:00,13262.047,13262.047,13215.58,13215.58,3529
2026-05-23 07:00:00,13215.574,13262.634,13213.523,13246.04,3545
2026-05-23 08:00:00,13246.018,13269.513,13235.633,13235.633,3533
2026-05-23 09:00:00,13235.626,13251.71,13217.638,13231.995,3515
2026-05-23 10:00:00,13231.99,13231.99,13188.372,13201.22,3521
2026-05-23 11:00:00,13201.209,13234.26,13192.595,13225.427,3538
2026-05-23 12:00:00,13225.421,13226.523,13186.405,13220.523,3531
2026-05-23 13:00:00,13220.513,13237.249,13200.717,13200.717,3525
2026-05-23 14:00:00,13200.695,13200.695,13169.594,13169.594,3518
2026-05-23 15:00:00,13169.572,13185.728,13146.902,13176.788,3514
2026-05-23 16:00:00,13176.773,13187.154,13159.348,13159.348,3513
2026-05-23 17:00:00,13159.341,13197.394,13152.123,13180.264,3514
2026-05-23 18:00:00,13180.257,13189.573,13145.472,13185.583,3524
2026-05-23 19:00:00,13185.58,13214.897,13176.566,13212.711,3517
2026-05-23 20:00:00,13212.694,13223.401,13184.802,13184.802,3537
2026-05-23 21:00:00,13184.801,13201.039,13166.156,13176.013,3529
2026-05-23 22:00:00,13175.998,13175.998,13145.549,13145.549,3521
2026-05-23 23:00:00,13145.548,13158.614,13120.33,13120.33,3528
2026-05-24 00:00:00,13120.299,13120.299,13087.26,13093.915,3515
2026-05-24 01:00:00,13093.896,13117.014,13074.582,13074.582,3527
2026-05-24 02:00:00,13074.581,13138.268,13072.988,13128.923,3524
2026-05-24 03:00:00,13128.904,13182.97,13126.093,13178.37,3526
2026-05-24 04:00:00,13178.333,13178.333,13131.231,13131.231,3541
2026-05-24 05:00:00,13131.226,13131.226,13103.674,13105.115,3529
2026-05-24 06:00:00,13105.114,13105.114,13057.71,13057.71,3523
2026-05-24 07:00:00,13057.698,13076.231,13033.808,13033.808,3522
2026-05-24 08:00:00,13033.789,13058.75,13019.758,13052.225,3523
2026-05-24 09:00:00,13052.222,13060.05,13038.569,13050.001,3526
2026-05-24 10:00:00,13049.995,13091.428,13035.924,13088.154,3512
2026-05-24 11:00:00,13088.133,13088.133,13043.443,13043.443,3525
2026-05-24 12:00:00,13043.433,13056.525,13015.331,13015.331,3529
2026-05-24 13:00:00,13015.316,13068.402,12998.267,13046.191,3514
2026-05-24 14:00:00,13046.169,13065.754,13031.053,13041.626,3514
2026-05-24 15:00:00,13041.606,13084.846,13033.52,13073.703,3529
2026-05-24 16:00:00,13073.699,13172.487,13072.846,13170.408,3517
2026-05-24 17:00:00,13170.407,13170.407,13125.062,13150.922,3505
2026-05-24 18:00:00,13150.884,13194.236,13132.531,13175.575,3525
2026-05-24 19:00:00,13175.562,13190.947,13145.685,13188.954,3518
2026-05-24 20:00:00,13188.953,13204.722,13169.419,13188.44,3523
2026-05-24 21:00:00,13188.435,13240.533,13179.873,13222.108,3535
2026-05-24 22:00:00,13222.092,13250.053,13215.635,13230.191,3515
2026-05-24 23:00:00,13230.187,13251.856,13204.31,13231.83,3532
2026-05-25 00:00:00,13231.827,13260.367,13222.773,13244.541,3517
2026-05-25 01:00:00,13244.517,13244.517,13207.553,13215.285,3536
2026-05-25 02:00:00,13215.268,13228.951,13210.082,13210.082,3531
2026-05-25 03:00:00,13210.067,13214.77,13184.077,13184.077,3518
2026-05-25 04:00:00,13184.067,13184.067,13140.992,13140.992,3518
2026-05-25 05:00:00,13140.988,13200.566,13133.339,13192.356,3519
2026-05-25 06:00:00,13192.355,13210.507,13171.063,13201.204,3518
2026-05-25 07:00:00,13201.199,13222.99,13185.685,13208.743,3521
2026-05-25 08:00:00,13208.719,13208.719,13187.081,13192.921,3536
2026-05-25 09:00:00,13192.891,13233.998,13190.291,13223.617,3539
2026-05-25 10:00:00,13223.599,13223.599,13201.784,13207.575,3517
2026-05-25 11:00:00,13207.572,13207.572,13176.612,13176.686,3532
2026-05-25 12:00:00,13176.666,13176.666,13150.037,13158.511,3535
2026-05-25 13:00:00,13158.491,13203.35,13152.01,13173.239,3518
2026-05-25 14:00:00,13173.212,13188.919,13161.724,13161.724,3524
2026-05-25 15:00:00,13161.708,13206.371,13157.817,13202.022,3532
2026-05-25 16:00:00,13202.018,13217.407,13188.066,13209.779,3532
2026-05-25 17:00:00,13209.773,13209.773,13171.987,13195.773,3519
2026-05-25 18:00:00,13195.76,13251.573,13193.97,13231.463,3526
2026-05-25 19:00:00,13231.458,13260.118,13225.349,13248.305,3521
2026-05-25 20:00:00,13248.283,13276.356,13243.64,13268.277,3529
2026-05-25 21:00:00,13268.261,13279.332,13245.634,13255.146,3536
2026-05-25 22:00:00,13255.135,13260.644,13234.76,13253.311,3530
2026-05-25 23:00:00,13253.288,13271.324,13246.635,13250.489,3529
2026-05-26 00:00:00,13250.468,13269.65,13236.004,13261.394,3532
2026-05-26 01:00:00,13261.378,13289.056,13247.186,13274.805,3519
2026-05-26 02:00:00,13274.794,13304.919,13264.489,13289.576,3526
2026-05-26 03:00:00,13289.551,13400.593,13288.968,13378.606,3521
2026-05-26 04:00:00,13378.599,13406.104,13369.037,13398.94,3523
2026-05-26 05:00:00,13398.915,13429.78,13397.951,13419.981,3515
2026-05-26 06:00:00,13419.972,13485.507,13412.339,13477.222,3514
2026-05-26 07:00:00,13477.199,13477.199,13440.754,13456.422,3521
2026-05-26 08:00:00,13456.403,13464.27,13429.457,13448.538,3511
2026-05-26 09:00:00,13448.528,13455.415,13430.003,13430.003,3533
2026-05-26 10:00:00,13429.993,13437.63,13413.502,13413.502,3528
2026-05-26 11:00:00,13413.485,13435.381,13392.858,13431.654,3524
2026-05-26 12:00:00,13431.64,13470.813,13427.501,13454.283,3524
2026-05-26 13:00:00,13454.274,13454.274,13405.732,13405.732,3534
2026-05-26 14:00:00,13405.732,13444.824,13396.551,13428.003,3511
2026-05-26 15:00:00,13427.986,13466.885,13417.203,13460.525,3540
2026-05-26 16:00:00,13460.52,13531.467,13459.69,13521.483,3542
2026-05-26 17:00:00,13521.47,13521.47,13490.023,13490.023,3536
2026-05-26 18:00:00,13490.011,13502.778,13466.243,13481.723,3533
2026-05-26 19:00:00,13481.718,13501.466,13450.864,13487.576,3526
2026-05-26 20:00:00,13487.57,13502.61,13452.852,13499.395,3530
2026-05-26 21:00:00,13499.385,13562.635,13498.348,13545.355,3520
2026-05-26 22:00:00,13545.342,13630.611,13531.205,13628.509,3524
2026-05-26 23:00:00,13628.497,13628.497,13591.396,13591.399,3524
2026-05-27 00:00:00,13591.398,13606.253,13578.521,13603.458,3531
2026-05-27 01:00:00,13603.43,13613.214,13578.134,13578.134,3528
2026-05-27 02:00:00,13578.126,13599.206,13559.237,13593.048,3515
2026-05-27 03:00:00,13593.014,13593.014,13543.126,13543.126,3541
2026-05-27 04:00:00,13543.107,13569.866,13523.242,13567.998,3518
2026-05-27 05:00:00,13567.972,13595.915,13550.699,13579.371,3522
2026-05-27 06:00:00,13579.364,13621.927,13560.843,13613.327,3534
2026-05-27 07:00:00,13613.321,13661.262,13608.72,13642.475,3548
2026-05-27 08:00:00,13642.467,13724.112,13639.126,13717.188,3523
2026-05-27 09:00:00,13717.178,13717.178,13681.865,13714.013,3520
2026-05-27 10:00:00,13713.993,13736.655,13710.712,13729.722,3534
2026-05-27 11:00:00,13729.72,13776.069,13727.766,13768.617,3529
2026-05-27 12:00:00,13768.607,13810.891,13756.955,13785.315,3522
2026-05-27 13:00:00,13785.307,13795.311,13772.05,13773.33,3530
2026-05-27 14:00:00,13773.302,13773.302,13749.552,13757.666,3523
2026-05-27 15:00:00,13757.661,13771.858,13733.799,13747.3,3533
2026-05-27 16:00:00,13747.274,13784.984,13725.992,13784.738,3519
2026-05-27 17:00:00,13784.713,13785.713,13763.339,13776.374,3529
2026-05-27 18:00:00,13776.349,13776.349,13732.967,13739.429,3529
2026-05-27 19:00:00,13739.418,13799.61,13737.603,13799.454,3525
2026-05-27 20:00:00,13799.451,13838.286,13783.973,13836.22,3533
2026-05-27 21:00:00,13836.215,13848.522,13815.0,13838.81,3534
2026-05-27 22:00:00,13838.793,13855.554,13817.428,13851.359,3538
2026-05-27 23:00:00,13851.33,13866.537,13842.419,13842.419,3548
2026-05-28 00:00:00,13842.419,13863.607,13829.935,13829.935,3544
2026-05-28 01:00:00,13829.922,13841.981,13803.592,13833.552,3529
2026-05-28 02:00:00,13833.544,13875.431,13818.219,13874.175,3516
2026-05-28 03:00:00,13874.157,13916.323,13865.937,13913.287,3529
2026-05-28 04:00:00,13913.266,13942.561,13890.357,13932.863,3523
2026-05-28 05:00:00,13932.851,13939.389,13903.227,13903.227,3513
2026-05-28 06:00:00,13903.216,13903.216,13853.609,13853.609,3537
2026-05-28 07:00:00,13853.601,13882.911,13846.387,13882.539,3526
2026-05-28 08:00:00,13882.516,13897.58,13863.033,13863.033,3518
2026-05-28 09:00:00,13863.026,13902.448,13855.146,13886.842,3520
2026-05-28 10:00:00,13886.828,13903.95,13875.655,13897.661,3530
2026-05-28 11:00:00,13897.659,13926.473,13893.381,13917.808,3523
2026-05-28 12:00:00,13917.796,13922.909,13884.963,13903.89,3527
2026-05-28 13:00:00,13903.863,13914.784,13871.813,13871.813,3522
2026-05-28 14:00:00,13871.799,13889.759,13864.927,13865.268,3530
2026-05-28 15:00:00,13865.252,13865.252,13821.948,13821.948,3522
2026-05-28 16:00:00,13821.941,13858.066,13813.933,13842.073,3526
2026-05-28 17:00:00,13842.065,13869.898,13832.875,13832.875,3510
2026-05-28 18:00:00,13832.87,13868.303,13829.005,13837.734,3534
2026-05-28 19:00:00,13837.72,13856.379,13809.467,13848.233,3532
2026-05-28 20:00:00,13848.23,13855.473,13824.709,13829.914,3534
2026-05-28 21:00:00,13829.891,13829.891,13792.729,13792.729,3523
2026-05-28 22:00:00,13792.711,13821.717,13783.575,13814.747,3518
2026-05-28 23:00:00,13814.732,13826.098,13802.539,13807.802,3541
2026-05-29 00:00:00,13807.789,13807.789,13761.469,13761.469,3535
2026-05-29 01:00:00,13761.451,13779.904,13740.648,13740.648,3511
2026-05-29 02:00:00,13740.638,13774.23,13718.701,13762.582,3519
2026-05-29 03:00:00,13762.573,13787.894,13756.054,13756.054,3535
2026-05-29 04:00:00,13756.036,13794.816,13754.277,13788.548,3520
2026-05-29 05:00:00,13788.532,13848.119,13787.729,13837.144,3522
2026-05-29 06:00:00,13837.133,13837.133,13804.351,13825.529,3527
2026-05-29 07:00:00,13825.502,13825.502,13786.423,13802.95,3535
2026-05-29 08:00:00,13802.945,13852.605,13798.234,13812.742,3526
2026-05-29 09:00:00,13812.731,13855.404,13808.22,13840.905,3531
2026-05-29 10:00:00,13840.893,13901.891,13838.657,13894.307,3517
2026-05-29 11:00:00,13894.277,13894.277,13870.418,13876.415,3532
2026-05-29 12:00:00,13876.406,13876.406,13837.125,13837.125,3536
2026-05-29 13:00:00,13837.114,13867.281,13825.925,13847.687,3527
2026-05-29 14:00:00,13847.672,13847.672,13807.733,13826.143,3524
2026-05-29 15:00:00,13826.139,13884.706,13823.154,13853.95,3529
2026-05-29 16:00:00,13853.937,13858.895,13825.838,13831.049,3530
2026-05-29 17:00:00,13831.038,13840.201,13795.939,13834.611,3526
2026-05-29 18:00:00,13834.61,13840.299,13801.929,13818.226,3513
2026-05-29 19:00:00,13818.21,13857.653,13802.256,13844.83,3524
2026-05-29 20:00:00,13844.797,13897.387,13829.559,13886.835,3524
2026-05-29 21:00:00,13886.83,13927.719,13861.503,13923.742,3523
2026-05-29 22:00:00,13923.738,13923.738,13881.314,13899.737,3525
2026-05-29 23:00:00,13899.708,13981.211,13891.775,13970.05,3514
2026-05-30 00:00:00,13970.032,13998.126,13939.56,13989.625,3528
2026-05-30 01:00:00,13989.6,13989.6,13949.508,13976.704,3549
2026-05-30 02:00:00,13976.68,13981.842,13950.238,13972.997,3517
2026-05-30 03:00:00,13972.985,13979.249,13948.901,13957.265,3528
2026-05-30 04:00:00,13957.244,13957.244,13920.768,13920.768,3530
2026-05-30 05:00:00,13920.753,13920.869,13894.567,13897.817,3521
2026-05-30 06:00:00,13897.802,13915.294,13885.579,13895.522,3520
2026-05-30 07:00:00,13895.506,13946.133,13893.368,13912.091,3531
2026-05-30 08:00:00,13912.076,13934.375,13906.791,13910.507,3535
2026-05-30 09:00:00,13910.477,13915.1,13887.42,13894.651,3543
2026-05-30 10:00:00,13894.644,13909.635,13878.003,13878.003,3538
2026-05-30 11:00:00,13877.978,13964.843,13863.69,13963.539,3525
2026-05-30 12:00:00,13963.532,13993.112,13959.709,13983.652,3530
2026-05-30 13:00:00,13983.638,14031.175,13981.513,14021.035,3517
2026-05-30 14:00:00,14021.026,14047.644,14018.514,14034.691,3530
2026-05-30 15:00:00,14034.657,14040.973,14020.165,14037.296,3535
2026-05-30 16:00:00,14037.282,14037.282,14003.094,14003.094,3523
2026-05-30 17:00:00,14003.087,14022.88,13990.358,14014.257,3523
2026-05-30 18:00:00,14014.248,14021.59,13994.38,14011.36,3522
2026-05-30 19:00:00,14011.358,14020.455,13992.033,13992.033,3537
2026-05-30 20:00:00,13992.028,13992.028,13959.163,13959.163,3538
2026-05-30 21:00:00,13959.158,13962.352,13936.534,13957.8,3528
2026-05-30 22:00:00,13957.784,13974.099,13951.387,13970.055,3528
2026-05-30 23:00:00,13970.05,13970.05,13934.404,13958.774,3521
2026-05-31 00:00:00,13958.768,13975.529,13945.863,13969.675,3524
2026-05-31 01:00:00,13969.67,13969.67,13940.903,13941.372,3522
2026-05-31 02:00:00,13941.368,13941.368,13892.326,13892.326,3538
2026-05-31 03:00:00,13892.325,13905.7,13879.961,13882.309,3510
2026-05-31 04:00:00,13882.294,13915.098,13871.743,13909.198,3524
2026-05-31 05:00:00,13909.167,14030.918,13900.55,14024.675,3540
2026-05-31 06:00:00,14024.665,14032.467,14011.134,14029.7,3533
2026-05-31 07:00:00,14029.686,14064.152,14025.213,14060.852,3531
2026-05-31 08:00:00,14060.843,14060.843,14024.032,14047.988,3529
2026-05-31 09:00:00,14047.956,14052.647,14008.57,14008.57,3524
2026-05-31 10:00:00,14008.559,14024.869,13995.007,13999.293,3534
2026-05-31 11:00:00,13999.277,14055.533,13989.847,14038.409,3533
2026-05-31 12:00:00,14038.394,14043.699,14017.668,14023.751,3518
2026-05-31 13:00:00,14023.749,14070.821,14010.237,14066.66,3523
2026-05-31 14:00:00,14066.651,14087.378,14061.999,14062.232,3530
2026-05-31 15:00:00,14062.212,14080.101,14046.797,14046.797,3530
2026-05-31 16:00:00,14046.797,14118.228,14043.352,14108.662,3532
2026-05-31 17:00:00,14108.63,14116.672,14090.339,14095.719,3532
2026-05-31 18:00:00,14095.702,14178.963,14094.076,14178.963,3528
2026-05-31 19:00:00,14178.949,14178.949,14145.367,14154.722,3519
2026-05-31 20:00:00,14154.707,14173.377,14145.4,14147.915,3537
2026-05-31 21:00:00,14147.911,14147.911,14096.433,14096.433,3528
2026-05-31 22:00:00,14096.408,14099.558,14070.305,14098.555,3539
2026-05-31 23:00:00,14098.549,14127.403,14096.124,14112.774,3529
2026-06-01 00:00:00,14112.765,14174.353,14103.189,14163.302,3536
2026-06-01 01:00:00,14163.288,14239.444,14152.713,14234.427,3528
2026-06-01 02:00:00,14234.424,14234.424,14198.101,14198.101,3529
2026-06-01 03:00:00,14198.089,14206.584,14174.103,14205.327,3528
2026-06-01 04:00:00,14205.315,14300.59,14188.6,14298.233,3530
2026-06-01 05:00:00,14298.207,14323.56,14283.863,14295.43,3536
2026-06-01 06:00:00,14295.426,14329.47,14283.666,14301.752,3535
2026-06-01 07:00:00,14301.735,14376.544,14289.975,14375.384,3545
2026-06-01 08:00:00,14375.369,14390.167,14354.607,14358.669,3521
2026-06-01 09:00:00,14358.646,14395.883,14327.818,14393.809,3530
2026-06-01 10:00:00,14393.79,14395.178,14354.209,14354.209,3529
2026-06-01 11:00:00,14354.197,14354.197,14303.797,14303.797,3535
2026-06-01 12:00:00,14303.784,14303.784,14252.369,14252.369,3525
2026-06-01 13:00:00,14252.358,14264.407,14212.481,14212.481,3540
2026-06-01 14:00:00,14212.461,14212.461,14160.881,14160.881,3511
2026-06-01 15:00:00,14160.876,14160.876,14119.602,14128.301,3530
2026-06-01 16:00:00,14128.293,14171.135,14127.28,14134.988,3536
2026-06-01 17:00:00,14134.978,14134.978,14084.257,14084.257,3527
2026-06-01 18:00:00,14084.245,14084.245,14034.197,14034.197,3539
2026-06-01 19:00:00,14034.19,14080.687,14023.407,14070.357,3525
2026-06-01 20:00:00,14070.335,14084.552,14045.675,14072.561,3527
2026-06-01 21:00:00,14072.551,14072.551,14035.019,14043.766,3537
2026-06-01 22:00:00,14043.754,14045.527,13997.41,13997.41,3529
2026-06-01 23:00:00,13997.379,14021.221,13995.787,14010.34,3541
2026-06-02 00:00:00,14010.333,14064.829,13986.673,14059.889,3531
2026-06-02 01:00:00,14059.885,14059.885,14018.896,14018.896,3538
2026-06-02 02:00:00,14018.864,14060.186,14017.365,14053.354,3538
2026-06-02 03:00:00,14053.35,14087.67,14028.763,14083.673,3530
2026-06-02 04:00:00,14083.666,14093.294,14065.431,14090.248,3530
2026-06-02 05:00:00,14090.218,14111.41,14073.107,14073.107,3522
2026-06-02 06:00:00,14073.078,14090.735,14055.475,14059.239,3535
2026-06-02 07:00:00,14059.224,14059.224,14025.622,14043.352,3546
2026-06-02 08:00:00,14043.332,14067.683,14012.044,14053.724,3533
2026-06-02 09:00:00,14053.701,14060.54,14038.124,14054.933,3526
2026-06-02 10:00:00,14054.92,14054.92,14016.115,14030.131,3520
2026-06-02 11:00:00,14030.126,14030.126,13998.681,13998.681,3518
2026-06-02 12:00:00,13998.665,13998.665,13960.395,13964.006,3525
2026-06-02 13:00:00,13964.0,14007.847,13932.935,13995.245,3531
2026-06-02 14:00:00,13995.225,14013.207,13984.941,13996.053,3520
2026-06-02 15:00:00,13996.024,14056.431,13982.345,14040.504,3537
2026-06-02 16:00:00,14040.498,14091.749,14035.369,14053.619,3523
2026-06-02 17:00:00,14053.612,14132.576,14049.479,14116.031,3528
2026-06-02 18:00:00,14116.016,14127.222,14103.812,14122.189,3532
2026-06-02 19:00:00,14122.179,14163.034,14091.717,14144.884,3541
2026-06-02 20:00:00,14144.856,14151.127,14115.231,14138.991,3541
2026-06-02 21:00:00,14138.963,14190.818,14136.649,14186.764,3506
2026-06-02 22:00:00,14186.746,14249.717,14185.213,14243.26,3528
2026-06-02 23:00:00,14243.251,14243.251,14201.929,14202.273,3528
2026-06-03 00:00:00,14202.266,14224.291,14184.209,14189.193,3521
2026-06-03 01:00:00,14189.174,14231.751,14189.033,14219.347,3537
2026-06-03 02:00:00,14219.32,14219.32,14178.575,14198.564,3531
2026-06-03 03:00:00,14198.555,14276.202,14190.018,14250.243,3530
2026-06-03 04:00:00,14250.239,14282.362,14244.249,14266.454,3522
2026-06-03 05:00:00,14266.418,14278.957,14251.483,14260.197,3528
2026-06-03 06:00:00,14260.194,14263.991,14239.016,14245.88,3524
2026-06-03 07:00:00,14245.878,14302.032,14243.339,14296.094,3515
2026-06-03 08:00:00,14296.092,14325.037,14289.627,14308.974,3532
2026-06-03 09:00:00,14308.953,14320.363,14289.189,14289.189,3523
2026-06-03 10:00:00,14289.177,14326.409,14284.499,14317.034,3543
2026-06-03 11:00:00,14317.025,14317.025,14266.536,14266.959,3524
2026-06-03 12:00:00,14266.938,14281.193,14235.277,14235.277,3516
2026-06-03 13:00:00,14235.272,14261.961,14222.182,14230.14,3515
2026-06-03 14:00:00,14230.135,14230.135,14191.43,14192.774,3539
2026-06-03 15:00:00,14192.752,14192.752,14157.304,14177.638,3521
2026-06-03 16:00:00,14177.638,14177.638,14150.098,14150.098,3533
2026-06-03 17:00:00,14150.094,14161.602,14116.74,14116.74,3544
2026-06-03 18:00:00,14116.727,14133.331,14100.726,14100.958,3516
2026-06-03 19:00:00,14100.926,14138.523,14092.047,14130.896,3538
2026-06-03 20:00:00,14130.87,14140.414,14101.612,14126.963,3547
2026-06-03 21:00:00,14126.962,14172.498,14125.028,14149.76,3534
2026-06-03 22:00:00,14149.758,14156.059,14132.608,14142.807,3518
2026-06-03 23:00:00,14142.797,14153.434,14123.599,14129.126,3544
2026-06-04 00:00:00,14129.125,14150.173,14116.663,14140.266,3534
2026-06-04 01:00:00,14140.26,14140.26,14102.928,14102.928,3537
2026-06-04 02:00:00,14102.903,14102.903,14052.162,14052.162,3485
2026-06-04 03:00:00,14052.159,14062.05,14035.62,14035.62,3531
2026-06-04 04:00:00,14035.597,14041.567,14017.175,14024.37,3511
2026-06-04 05:00:00,14024.359,14036.556,13998.469,14027.797,3525
2026-06-04 06:00:00,14027.787,14051.44,14021.75,14036.817,3515
2026-06-04 07:00:00,14036.798,14048.598,14015.734,14015.734,3531
2026-06-04 08:00:00,14015.716,14027.547,13991.343,14026.711,3536
2026-06-04 09:00:00,14026.708,14029.677,14002.039,14008.581,3540
2026-06-04 10:00:00,14008.574,14020.137,13992.355,13992.355,3524
2026-06-04 11:00:00,13992.328,14016.794,13983.153,13991.91,3523
2026-06-04 12:00:00,13991.89,14028.181,13979.883,14015.811,3511
2026-06-04 13:00:00,14015.788,14023.401,13984.826,14008.616,3542
2026-06-04 14:00:00,14008.599,14038.518,13996.95,14031.634,3524
2026-06-04 15:00:00,14031.614,14060.711,14020.519,14056.76,3541
2026-06-04 16:00:00,14056.736,14075.384,14047.501,14072.928,3524
2026-06-04 17:00:00,14072.911,14094.197,14058.338,14083.316,3523
2026-06-04 18:00:00,14083.29,14083.29,14057.763,14064.761,3537
2026-06-04 19:00:00,14064.739,14073.987,14042.763,14042.763,3518
2026-06-04 20:00:00,14042.755,14056.734,14007.963,14007.963,3532
2026-06-04 21:00:00,14007.929,14007.929,13970.764,13975.01,3540
2026-06-04 22:00:00,13974.995,13974.995,13944.446,13944.446,3530
2026-06-04 23:00:00,13944.435,13944.435,13913.353,13927.476,3537
2026-06-05 00:00:00,13927.445,13948.535,13909.475,13932.356,3522
2026-06-05 01:00:00,13932.351,13944.731,13911.769,13936.302,3529
2026-06-05 02:00:00,13936.291,13941.117,13912.083,13912.083,3532
2026-06-05 03:00:00,13912.081,13916.049,13887.663,13898.672,3533
2026-06-05 04:00:00,13898.666,13905.068,13868.73,13872.753,3520
2026-06-05 05:00:00,13872.742,13890.721,13851.31,13851.31,3527
2026-06-05 06:00:00,13851.31,13866.735,13839.037,13843.329,3520
2026-06-05 07:00:00,13843.322,13843.322,13794.16,13805.128,3514
2026-06-05 08:00:00,13805.104,13850.216,13797.586,13841.155,3524
2026-06-05 09:00:00,13841.153,13841.153,13805.252,13822.18,3518
2026-06-05 10:00:00,13822.157,13829.78,13798.197,13824.434,3542
2026-06-05 11:00:00,13824.403,13824.403,13782.037,13811.605,3525
2026-06-05 12:00:00,13811.601,13832.982,13799.075,13825.308,3526
2026-06-05 13:00:00,13825.302,13902.719,13823.501,13885.651,3534
2026-06-05 14:00:00,13885.651,13940.386,13869.122,13920.168,3529
2026-06-05 15:00:00,13920.159,13965.681,13912.103,13965.584,3533
2026-06-05 16:00:00,13965.569,13993.978,13958.707,13966.525,3534
2026-06-05 17:00:00,13966.499,13978.02,13953.102,13953.102,3513
2026-06-05 18:00:00,13953.099,14056.75,13948.448,14049.648,3531
2026-06-05 19:00:00,14049.645,14055.496,14015.194,14021.298,3530
2026-06-05 20:00:00,14021.291,14043.863,14000.796,14042.664,3528
2026-06-05 21:00:00,14042.66,14053.251,14031.443,14047.406,3532
2026-06-05 22:00:00,14047.381,14053.843,14031.637,14031.73,3520
2026-06-05 23:00:00,14031.707,14075.069,14030.144,14058.237,3528
2026-06-06 00:00:00,14058.207,14094.509,14049.064,14082.492,3521
2026-06-06 01:00:00,14082.492,14089.173,14053.962,14072.138,3520
2026-06-06 02:00:00,14072.114,14072.114,14029.334,14068.636,3524
2026-06-06 03:00:00,14068.632,14085.182,14049.868,14066.528,3526
2026-06-06 04:00:00,14066.518,14066.518,14032.954,14042.187,3536
2026-06-06 05:00:00,14042.168,14059.937,14026.782,14059.662,3520
2026-06-06 06:00:00,14059.653,14059.653,14009.333,14009.333,3515
2026-06-06 07:00:00,14009.309,14071.316,13995.751,14066.277,3546
2026-06-06 08:00:00,14066.275,14089.658,14052.313,14086.122,3543
2026-06-06 09:00:00,14086.11,14086.11,14035.358,14035.358,3528
2026-06-06 10:00:00,14035.346,14035.346,13988.483,13988.483,3519
2026-06-06 11:00:00,13988.477,14001.981,13953.831,14001.261,3544
2026-06-06 12:00:00,14001.224,14002.953,13981.868,13988.395,3546
2026-06-06 13:00:00,13988.374,14020.168,13973.322,14004.157,3509
2026-06-06 14:00:00,14004.14,14027.589,13989.928,14005.545,3523
2026-06-06 15:00:00,14005.519,14028.741,13991.942,14014.876,3535
2026-06-06 16:00:00,14014.857,14022.703,13996.618,14009.033,3541
2026-06-06 17:00:00,14009.027,14009.027,13958.747,13958.747,3529
2026-06-06 18:00:00,13958.734,14021.869,13955.688,14012.671,3531
2026-06-06 19:00:00,14012.67,14023.025,13990.64,13990.64,3518
2026-06-06 20:00:00,13990.636,13991.823,13967.912,13978.569,3511
2026-06-06 21:00:00,13978.542,14028.254,13970.7,13990.617,3528
2026-06-06 22:00:00,13990.606,13990.606,13957.475,13957.475,3537
2026-06-06 23:00:00,13957.473,13957.473,13910.277,13910.277,3530
2026-06-07 00:00:00,13910.249,13910.249,13864.488,13864.488,3532
2026-06-07 01:00:00,13864.477,13929.105,13849.745,13924.601,3534
2026-06-07 02:00:00,13924.599,13961.71,13919.588,13937.795,3533
2026-06-07 03:00:00,13937.78,13937.78,13896.543,13907.976,3529
2026-06-07 04:00:00,13907.955,13925.802,13883.3,13883.3,3519
2026-06-07 05:00:00,13883.284,13894.948,13859.09,13859.09,3518
2026-06-07 06:00:00,13859.082,13913.443,13856.994,13908.582,3535
2026-06-07 07:00:00,13908.571,13965.692,13895.304,13947.387,3528
2026-06-07 08:00:00,13947.348,13947.348,13897.214,13897.214,3533
2026-06-07 09:00:00,13897.203,13964.944,13894.022,13958.688,3520
2026-06-07 10:00:00,13958.671,13976.233,13934.516,13944.295,3518
2026-06-07 11:00:00,13944.27,13951.505,13926.295,13926.295,3514
2026-06-07 12:00:00,13926.282,13965.048,13923.422,13946.28,3529
2026-06-07 13:00:00,13946.27,13946.27,13914.161,13914.161,3528
2026-06-07 14:00:00,13914.153,13917.118,13894.543,13894.543,3524
2026-06-07 15:00:00,13894.533,13901.529,13877.758,13884.036,3528
2026-06-07 16:00:00,13884.014,13966.397,13879.845,13960.011,3535
2026-06-07 17:00:00,13960.011,13975.267,13948.648,13953.096,3525
2026-06-07 18:00:00,13953.085,13976.462,13933.73,13951.994,3530
2026-06-07 19:00:00,13951.97,13966.241,13943.151,13958.956,3535
2026-06-07 20:00:00,13958.939,14019.057,13949.052,14005.198,3526
2026-06-07 21:00:00,14005.188,14044.969,14004.538,14011.091,3533
2026-06-07 22:00:00,14011.084,14063.528,14007.105,14038.24,3524
2026-06-07 23:00:00,14038.21,14065.945,14016.8,14054.251,3522
2026-06-08 00:00:00,14054.245,14054.245,14007.148,14007.148,3528
2026-06-08 01:00:00,14007.143,14065.788,14001.85,14056.346,3533
2026-06-08 02:00:00,14056.345,14074.616,14042.79,14060.192,3527
2026-06-08 03:00:00,14060.177,14079.2,14052.524,14058.194,3524
2026-06-08 04:00:00,14058.154,14112.516,14055.261,14111.41,3528
2026-06-08 05:00:00,14111.407,14111.407,14080.4,14083.311,3528
2026-06-08 06:00:00,14083.3,14152.25,14078.713,14143.371,3534
2026-06-08 07:00:00,14143.363,14148.666,14120.625,14120.625,3521
2026-06-08 08:00:00,14120.599,14124.86,14104.105,14107.823,3530
2026-06-08 09:00:00,14107.817,14107.817,14058.849,14074.438,3516
2026-06-08 10:00:00,14074.426,14074.426,14034.05,14053.942,3531
2026-06-08 11:00:00,14053.931,14053.931,14011.294,14011.294,3531
2026-06-08 12:00:00,14011.289,14011.289,13966.017,13971.164,3528
2026-06-08 13:00:00,13971.157,14003.616,13963.948,14002.777,3523
2026-06-08 14:00:00,14002.77,14029.091,13992.944,14018.153,3536
2026-06-08 15:00:00,14018.138,14018.138,13995.151,14011.402,3519
2026-06-08 16:00:00,14011.399,14039.211,14001.255,14013.214,3530
2026-06-08 17:00:00,14013.199,14013.199,13976.427,13976.427,3531
2026-06-08 18:00:00,13976.401,14013.151,13974.62,13994.796,3520
2026-06-08 19:00:00,13994.77,14008.178,13969.199,13986.515,3515
2026-06-08 20:00:00,13986.511,13993.434,13957.643,13979.182,3531
2026-06-08 21:00:00,13979.178,13979.178,13933.767,13933.767,3530
2026-06-08 22:00:00,13933.757,13982.997,13928.553,13973.06,3523
2026-06-08 23:00:00,13973.055,14009.588,13968.951,13989.768,3540
2026-06-09 00:00:00,13989.752,14002.495,13974.676,13977.478,3519
2026-06-09 01:00:00,13977.461,13989.8,13964.257,13988.298,3529
2026-06-09 02:00:00,13988.294,14010.487,13981.153,13981.153,3520
2026-06-09 03:00:00,13981.125,13992.449,13965.084,13965.084,3515
2026-06-09 04:00:00,13965.059,13986.735,13950.082,13950.082,3522
2026-06-09 05:00:00,13950.073,13950.073,13921.371,13927.211,3549
2026-06-09 06:00:00,13927.202,13936.083,13890.586,13890.586,3532
2026-06-09 07:00:00,13890.584,13923.39,13873.495,13918.977,3527
2026-06-09 08:00:00,13918.957,13933.294,13903.237,13903.237,3535
2026-06-09 09:00:00,13903.226,13911.032,13885.331,13894.122,3514
2026-06-09 10:00:00,13894.116,13894.116,13845.048,13845.048,3529
2026-06-09 11:00:00,13845.026,13860.013,13818.744,13818.744,3516
2026-06-09 12:00:00,13818.728,13834.859,13788.696,13806.895,3514
2026-06-09 13:00:00,13806.894,13818.44,13791.042,13801.726,3534
2026-06-09 14:00:00,13801.722,13822.514,13794.284,13819.278,3534
2026-06-09 15:00:00,13819.255,13819.255,13772.894,13772.894,3530
2026-06-09 16:00:00,13772.88,13814.718,13772.334,13808.096,3515
2026-06-09 17:00:00,13808.074,13808.074,13763.095,13782.691,3529
2026-06-09 18:00:00,13782.665,13787.866,13763.751,13766.714,3533
2026-06-09 19:00:00,13766.71,13766.71,13722.827,13725.206,3531
2026-06-09 20:00:00,13725.187,13790.012,13720.154,13790.005,3525
2026-06-09 21:00:00,13789.975,13795.936,13779.051,13794.266,3532
2026-06-09 22:00:00,13794.243,13824.328,13787.67,13797.66,3525
2026-06-09 23:00:00,13797.647,13821.395,13791.855,13800.732,3529
2026-06-10 00:00:00,13800.723,13800.723,13763.401,13763.401,3514
2026-06-10 01:00:00,13763.394,13772.696,13739.516,13768.041,3527
2026-06-10 02:00:00,13768.041,13768.041,13734.797,13737.437,3520
2026-06-10 03:00:00,13737.418,13750.165,13701.402,13736.291,3525
2026-06-10 04:00:00,13736.258,13824.908,13733.908,13824.096,3539
2026-06-10 05:00:00,13824.094,13909.208,13824.031,13886.415,3530
2026-06-10 06:00:00,13886.391,13886.859,13862.715,13862.715,3528
2026-06-10 07:00:00,13862.702,13862.702,13830.304,13859.227,3532
2026-06-10 08:00:00,13859.217,13871.645,13826.766,13867.486,3535
2026-06-10 09:00:00,13867.474,13869.247,13841.004,13841.004,3509
2026-06-10 10:00:00,13840.984,13870.524,13833.862,13842.948,3527
2026-06-10 11:00:00,13842.923,13842.923,13803.412,13810.32,3541
2026-06-10 12:00:00,13810.289,13837.696,13807.38,13828.558,3525
2026-06-10 13:00:00,13828.551,13829.023,13802.692,13802.692,3522
2026-06-10 14:00:00,13802.667,13820.539,13789.331,13796.069,3534
2026-06-10 15:00:00,13796.061,13796.825,13757.776,13780.824,3514
2026-06-10 16:00:00,13780.822,13780.822,13742.999,13742.999,3539
2026-06-10 17:00:00,13742.993,13760.775,13722.836,13760.451,3544
2026-06-10 18:00:00,13760.435,13787.978,13755.572,13756.69,3526
2026-06-10 19:00:00,13756.666,13779.034,13744.057,13744.057,3534
2026-06-10 20:00:00,13744.046,13772.75,13741.355,13750.048,3538
2026-06-10 21:00:00,13750.045,13750.045,13719.288,13726.645,3532
2026-06-10 22:00:00,13726.636,13745.379,13709.228,13721.722,3532
2026-06-10 23:00:00,13721.696,13721.696,13684.375,13714.407,3531
2026-06-11 00:00:00,13714.406,13715.119,13696.607,13698.969,3525
2026-06-11 01:00:00,13698.965,13698.965,13674.223,13676.196,3518
2026-06-11 02:00:00,13676.167,13684.191,13646.966,13646.966,3536
2026-06-11 03:00:00,13646.95,13663.294,13636.614,13647.074,3519
2026-06-11 04:00:00,13647.037,13685.912,13643.004,13678.869,3510
2026-06-11 05:00:00,13678.864,13678.864,13651.683,13676.527,3534
2026-06-11 06:00:00,13676.521,13747.721,13665.856,13742.619,3512
2026-06-11 07:00:00,13742.611,13853.02,13734.238,13849.992,3527
2026-06-11 08:00:00,13849.981,13867.989,13836.209,13856.78,3526
2026-06-11 09:00:00,13856.755,13857.184,13819.474,13823.131,3542
2026-06-11 10:00:00,13823.124,13837.966,13793.016,13837.022,3529
2026-06-11 11:00:00,13837.008,13840.428,13803.008,13803.008,3524
2026-06-11 12:00:00,13802.98,13802.98,13762.11,13762.11,3521
2026-06-11 13:00:00,13762.09,13807.015,13750.354,13789.546,3520
2026-06-11 14:00:00,13789.52,13812.468,13776.617,13781.842,3534
2026-06-11 15:00:00,13781.83,13781.83,13732.24,13755.749,3535
2026-06-11 16:00:00,13755.748,13780.659,13737.806,13765.074,3518
2026-06-11 17:00:00,13765.073,13765.073,13733.403,13754.788,3518
2026-06-11 18:00:00,13754.787,13769.597,13742.018,13742.018,3534
2026-06-11 19:00:00,13742.004,13829.214,13716.666,13820.293,3532
2026-06-11 20:00:00,13820.277,13867.145,13816.034,13857.085,3534
2026-06-11 21:00:00,13857.077,13866.816,13836.342,13836.342,3523
2026-06-11 22:00:00,13836.323,13857.362,13817.954,13846.891,3526
2026-06-11 23:00:00,13846.874,13846.874,13804.189,13817.117,3528
2026-06-12 00:00:00,13817.098,13817.098,13780.382,13780.382,3531
2026-06-12 01:00:00,13780.35,13780.35,13751.262,13751.262,3517
2026-06-12 02:00:00,13751.24,13764.295,13733.363,13751.686,3532
2026-06-12 03:00:00,13751.665,13816.601,13746.32,13797.511,3513
2026-06-12 04:00:00,13797.509,13797.509,13765.483,13777.364,3525
2026-06-12 05:00:00,13777.36,13851.34,13776.407,13834.23,3531
2026-06-12 06:00:00,13834.211,13834.211,13807.24,13822.575,3526
2026-06-12 07:00:00,13822.573,13870.177,13821.542,13839.416,3529
2026-06-12 08:00:00,13839.416,13871.591,13832.554,13860.166,3529
2026-06-12 09:00:00,13860.123,13891.923,13855.053,13887.264,3523
2026-06-12 10:00:00,13887.256,13887.256,13838.825,13877.596,3534
2026-06-12 11:00:00,13877.586,13884.017,13856.16,13856.16,3512
2026-06-12 12:00:00,13856.136,13940.904,13841.46,13933.63,3526
2026-06-12 13:00:00,13933.624,13950.513,13906.702,13906.702,3533
2026-06-12 14:00:00,13906.692,13906.692,13883.531,13890.547,3530
2026-06-12 15:00:00,13890.542,13923.594,13889.315,13909.804,3528
2026-06-12 16:00:00,13909.802,13925.416,13885.941,13911.125,3528
2026-06-12 17:00:00,13911.124,13951.199,13909.301,13945.894,3533
2026-06-12 18:00:00,13945.887,13960.537,13928.456,13941.394,3523
2026-06-12 19:00:00,13941.376,13943.21,13908.884,13908.884,3520
2026-06-12 20:00:00,13908.855,13918.487,13889.51,13894.852,3522
2026-06-12 21:00:00,13894.812,13934.897,13883.454,13913.893,3518
2026-06-12 22:00:00,13913.884,13913.884,13875.162,13898.732,3517
2026-06-12 23:00:00,13898.724,13916.024,13876.208,13876.208,3520
2026-06-13 00:00:00,13876.201,13916.75,13868.549,13915.705,3524
2026-06-13 01:00:00,13915.69,13931.624,13903.964,13903.964,3520
2026-06-13 02:00:00,13903.955,13946.455,13900.542,13931.257,3526
2026-06-13 03:00:00,13931.251,13931.316,13902.019,13908.72,3518
2026-06-13 04:00:00,13908.716,13950.755,13903.933,13912.946,3520
2026-06-13 05:00:00,13912.941,13932.436,13892.552,13892.552,3526
2026-06-13 06:00:00,13892.531,13892.531,13860.47,13860.47,3534
2026-06-13 07:00:00,13860.463,13887.572,13838.249,13886.11,3539
2026-06-13 08:00:00,13886.105,13913.799,13867.036,13905.919,3528
2026-06-13 09:00:00,13905.911,13985.963,13888.011,13980.189,3541
2026-06-13 10:00:00,13980.156,14011.448,13963.413,14006.245,3544
2026-06-13 11:00:00,14006.237,14067.517,14000.677,14047.219,3533
2026-06-13 12:00:00,14047.19,14073.12,14031.447,14069.428,3513
2026-06-13 13:00:00,14069.415,14089.547,14061.58,14082.264,3542
2026-06-13 14:00:00,14082.245,14162.882,14080.226,14153.156,3529
2026-06-13 15:00:00,14153.135,14181.092,14147.398,14156.504,3532
2026-06-13 16:00:00,14156.496,14159.412,14112.318,14112.318,3526
2026-06-13 17:00:00,14112.3,14119.632,14088.394,14107.473,3529
2026-06-13 18:00:00,14107.45,14167.142,14106.255,14153.366,3523
2026-06-13 19:00:00,14153.366,14153.366,14105.071,14105.071,3533
2026-06-13 20:00:00,14105.065,14105.065,14067.496,14093.959,3528
2026-06-13 21:00:00,14093.933,14093.933,14045.717,14056.794,3537
2026-06-13 22:00:00,14056.79,14123.077,14039.205,14122.457,3519
2026-06-13 23:00:00,14122.438,14122.438,14073.49,14092.817,3522
2026-06-14 00:00:00,14092.808,14208.171,14089.981,14206.724,3539
2026-06-14 01:00:00,14206.707,14233.934,14199.304,14217.945,3292
2026-06-14 02:00:00,14217.94,14271.364,14212.848,14271.291,3522
2026-06-14 03:00:00,14271.29,14285.731,14254.223,14254.223,3533
2026-06-14 04:00:00,14254.199,14267.594,14236.385,14236.385,3535
2026-06-14 05:00:00,14236.376,14249.721,14217.118,14247.208,3532
2026-06-14 06:00:00,14247.202,14350.723,14228.958,14341.807,3525
2026-06-14 07:00:00,14341.806,14389.187,14337.506,14360.517,3542
2026-06-14 08:00:00,14360.502,14394.543,14351.9,14351.9,3544
2026-06-14 09:00:00,14351.889,14409.91,14334.579,14392.5,3525
2026-06-14 10:00:00,14392.493,14435.755,14388.965,14404.333,3527
2026-06-14 11:00:00,14404.317,14428.587,14389.139,14407.075,3541
2026-06-14 12:00:00,14407.052,14407.052,14386.925,14392.46,3543
2026-06-14 13:00:00,14392.452,14392.452,14368.225,14377.298,3539
2026-06-14 14:00:00,14377.284,14377.284,14351.074,14351.074,3515
2026-06-14 15:00:00,14351.074,14353.684,14320.162,14326.891,3532
2026-06-14 16:00:00,14326.882,14393.924,14320.805,14378.259,3548
2026-06-14 17:00:00,14378.24,14378.24,14343.527,14344.988,3521
2026-06-14 18:00:00,14344.956,14376.302,14335.338,14348.631,3523
2026-06-14 19:00:00,14348.603,14396.904,14346.291,14390.718,3531
2026-06-14 20:00:00,14390.713,14390.713,14341.533,14341.533,3540
2026-06-14 21:00:00,14341.524,14345.604,14317.177,14331.166,3537
2026-06-14 22:00:00,14331.161,14334.514,14311.287,14317.48,3534
2026-06-14 23:00:00,14317.466,14326.736,14293.395,14293.395,3525
2026-06-15 00:00:00,14293.362,14336.92,14287.059,14323.934,3514
2026-06-15 01:00:00,14323.93,14334.58,14304.351,14323.673,3525
2026-06-15 02:00:00,14323.662,14385.573,14320.336,14380.693,3536
2026-06-15 03:00:00,14380.679,14423.851,14372.552,14416.873,3518
2026-06-15 04:00:00,14416.873,14471.623,14409.891,14463.344,3525
2026-06-15 05:00:00,14463.336,14463.336,14421.812,14429.99,3533
2026-06-15 06:00:00,14429.977,14451.243,14408.547,14408.547,3530
2026-06-15 07:00:00,14408.525,14437.585,14393.694,14393.694,3533
2026-06-15 08:00:00,14393.681,14393.681,14359.061,14362.298,3534
2026-06-15 09:00:00,14362.285,14379.174,14350.388,14365.782,3531
2026-06-15 10:00:00,14365.77,14416.055,14359.358,14401.926,3522
2026-06-15 11:00:00,14401.914,14421.917,14390.067,14391.225,3529
2026-06-15 12:00:00,14391.224,14400.912,14372.336,14372.336,3535
2026-06-15 13:00:00,14372.33,14387.466,14352.626,14352.626,3538
2026-06-15 14:00:00,14352.609,14386.465,14346.464,14384.135,3531
2026-06-15 15:00:00,14384.131,14492.652,14383.33,14477.817,3543
2026-06-15 16:00:00,14477.801,14514.421,14468.483,14502.287,3520
2026-06-15 17:00:00,14502.265,14507.346,14461.695,14461.695,3533
2026-06-15 18:00:00,14461.68,14508.086,14458.457,14492.398,3544
2026-06-15 19:00:00,14492.398,14522.091,14488.211,14506.628,3538
2026-06-15 20:00:00,14506.618,14518.303,14473.427,14476.977,3516
2026-06-15 21:00:00,14476.96,14499.606,14470.137,14494.427,3538
2026-06-15 22:00:00,14494.398,14494.398,14449.162,14449.162,3532
2026-06-15 23:00:00,14449.151,14449.151,14415.388,14415.388,3522
2026-06-16 00:00:00,14415.381,14444.227,14397.84,14423.443,3536
2026-06-16 01:00:00,14423.429,14423.429,14401.163,14401.163,3540
2026-06-16 02:00:00,14401.143,14447.772,14391.942,14437.117,3525
2026-06-16 03:00:00,14437.094,14449.293,14422.271,14428.572,3540
2026-06-16 04:00:00,14428.544,14436.256,14396.947,14396.947,3523
2026-06-16 05:00:00,14396.916,14396.916,14372.372,14389.508,3538
2026-06-16 06:00:00,14389.498,14401.264,14374.152,14379.029,3534
2026-06-16 07:00:00,14379.01,14379.01,14356.4,14360.184,3532
2026-06-16 08:00:00,14360.156,14360.156,14317.966,14323.537,3535
2026-06-16 09:00:00,14323.53,14327.752,14298.316,14309.585,3538
2026-06-16 10:00:00,14309.568,14309.568,14280.315,14280.315,3527
2026-06-16 11:00:00,14280.29,14293.64,14249.037,14285.789,3529
2026-06-16 12:00:00,14285.781,14302.08,14252.814,14252.814,3506
2026-06-16 13:00:00,14252.785,14265.602,14230.13,14230.13,3522
2026-06-16 14:00:00,14230.113,14233.191,14194.181,14229.797,3527
2026-06-16 15:00:00,14229.777,14250.363,14202.846,14231.459,3534
2026-06-16 16:00:00,14231.44,14287.25,14211.482,14287.106,3528
2026-06-16 17:00:00,14287.092,14313.703,14279.587,14300.729,3518
2026-06-16 18:00:00,14300.722,14366.209,14289.642,14343.854,3522
2026-06-16 19:00:00,14343.837,14363.957,14313.187,14358.6,3541
2026-06-16 20:00:00,14358.597,14372.784,14329.703,14329.703,3528
2026-06-16 21:00:00,14329.696,14329.696,14290.042,14290.042,3526
2026-06-16 22:00:00,14290.033,14358.592,14282.238,14345.974,3516
2026-06-16 23:00:00,14345.941,14354.87,14322.97,14328.875,3525
2026-06-17 00:00:00,14328.854,14333.019,14300.355,14300.355,3523
2026-06-17 01:00:00,14300.351,14304.291,14283.763,14297.899,3535
2026-06-17 02:00:00,14297.887,14336.002,14287.898,14314.094,3511
2026-06-17 03:00:00,14314.085,14314.085,14278.941,14303.646,3543
2026-06-17 04:00:00,14303.644,14319.765,14295.048,14304.089,3543
2026-06-17 05:00:00,14304.088,14305.231,14277.194,14284.789,3533
2026-06-17 06:00:00,14284.767,14300.504,14268.195,14284.341,3529
2026-06-17 07:00:00,14284.306,14289.932,14264.664,14286.776,3523
2026-06-17 08:00:00,14286.755,14286.755,14247.572,14274.752,3518
2026-06-17 09:00:00,14274.746,14274.746,14224.945,14244.505,3530
2026-06-17 10:00:00,14244.491,14250.152,14216.353,14224.036,3536
2026-06-17 11:00:00,14224.032,14224.032,14187.021,14188.456,3530
2026-06-17 12:00:00,14188.45,14246.33,14186.265,14232.274,3529
2026-06-17 13:00:00,14232.257,14232.257,14182.207,14182.207,3523
2026-06-17 14:00:00,14182.196,14227.677,14166.841,14222.641,3546
2026-06-17 15:00:00,14222.623,14229.071,14197.912,14204.551,3536
2026-06-17 16:00:00,14204.551,14206.573,14174.4,14174.4,3520
2026-06-17 17:00:00,14174.396,14192.086,14156.979,14189.935,3523
2026-06-17 18:00:00,14189.932,14227.461,14178.82,14221.594,3524
2026-06-17 19:00:00,14221.572,14288.944,14204.645,14280.711,3531
2026-06-17 20:00:00,14280.68,14280.68,14238.737,14258.8,3529
2026-06-17 21:00:00,14258.774,14258.774,14206.874,14206.874,3532
2026-06-17 22:00:00,14206.854,14247.506,14187.6,14245.255,3546
2026-06-17 23:00:00,14245.227,14267.054,14237.837,14252.247,3524
2026-06-18 00:00:00,14252.223,14329.887,14241.664,14321.984,3535
2026-06-18 01:00:00,14321.967,14321.967,14284.326,14284.326,3533
2026-06-18 02:00:00,14284.318,14304.583,14261.136,14293.308,3524
2026-06-18 03:00:00,14293.285,14303.292,14255.73,14295.298,3538
2026-06-18 04:00:00,14295.292,14295.292,14248.411,14265.96,3527
2026-06-18 05:00:00,14265.958,14283.549,14253.537,14253.745,3525
2026-06-18 06:00:00,14253.736,14275.0,14238.115,14272.183,3525
2026-06-18 07:00:00,14272.158,14298.571,14265.685,14282.6,3533
2026-06-18 08:00:00,14282.599,14314.096,14271.716,14271.716,3519
2026-06-18 09:00:00,14271.71,14347.582,14254.914,14340.643,3538
2026-06-18 10:00:00,14340.636,14360.391,14332.092,14332.092,3531
2026-06-18 11:00:00,14332.085,14340.288,14311.749,14333.194,3534
2026-06-18 12:00:00,14333.187,14348.356,14301.543,14338.953,3547
2026-06-18 13:00:00,14338.943,14378.116,14317.8,14355.062,3538
2026-06-18 14:00:00,14355.06,14355.06,14320.843,14320.843,3524
2026-06-18 15:00:00,14320.832,14375.414,14304.648,14372.552,3522
2026-06-18 16:00:00,14372.541,14382.1,14343.127,14354.84,3536
2026-06-18 17:00:00,14354.798,14421.6,14345.425,14415.272,3535
2026-06-18 18:00:00,14415.254,14481.837,14410.32,14457.114,3532
2026-06-18 19:00:00,14457.114,14457.114,14428.734,14447.686,3526
2026-06-18 20:00:00,14447.655,14449.467,14429.137,14430.817,3525
2026-06-18 21:00:00,14430.805,14430.805,14385.414,14385.414,3532
2026-06-18 22:00:00,14385.374,14449.898,14374.943,14440.545,3529
2026-06-18 23:00:00,14440.53,14440.53,14398.421,14408.025,3524
2026-06-19 00:00:00,14408.024,14463.0,14381.458,14458.276,3546
2026-06-19 01:00:00,14458.252,14464.186,14433.778,14438.591,3540
2026-06-19 02:00:00,14438.589,14438.589,14386.35,14386.35,3541
2026-06-19 03:00:00,14386.319,14394.075,14348.823,14371.928,3539
2026-06-19 04:00:00,14371.907,14396.074,14367.911,14388.513,3541
2026-06-19 05:00:00,14388.501,14388.501,14336.359,14336.359,3529
2026-06-19 06:00:00,14336.357,14336.75,14315.345,14319.508,3533
2026-06-19 07:00:00,14319.507,14337.152,14288.357,14288.357,3534
2026-06-19 08:00:00,14288.341,14306.933,14265.294,14274.07,3525
2026-06-19 09:00:00,14274.06,14274.06,14225.994,14226.841,3523
2026-06-19 10:00:00,14226.8,14237.168,14209.275,14225.474,3516
2026-06-19 11:00:00,14225.465,14225.465,14180.513,14204.22,3523
2026-06-19 12:00:00,14204.213,14204.213,14162.79,14162.79,3525
2026-06-19 13:00:00,14162.78,14202.594,14160.855,14177.183,3536
2026-06-19 14:00:00,14177.158,14232.963,14162.601,14226.772,3534
2026-06-19 15:00:00,14226.759,14248.272,14205.03,14240.136,3534
2026-06-19 16:00:00,14240.134,14288.599,14226.46,14286.435,3521
2026-06-19 17:00:00,14286.422,14314.793,14275.88,14285.517,3538
2026-06-19 18:00:00,14285.491,14304.009,14266.974,14294.873,3537
2026-06-19 19:00:00,14294.865,14309.442,14273.48,14300.722,3520
2026-06-19 20:00:00,14300.697,14335.911,14294.551,14296.965,3531
2026-06-19 21:00:00,14296.942,14297.235,14259.967,14290.079,3540
2026-06-19 22:00:00,14290.059,14290.059,14254.032,14254.032,3540
2026-06-19 23:00:00,14254.02,14268.834,14238.777,14251.607,3531
2026-06-20 00:00:00,14251.589,14293.303,14232.066,14290.232,3532
2026-06-20 01:00:00,14290.228,14301.648,14269.695,14288.505,3528
2026-06-20 02:00:00,14288.501,14314.669,14274.395,14299.581,3525
2026-06-20 03:00:00,14299.569,14332.013,14288.669,14308.015,3538
2026-06-20 04:00:00,14308.013,14352.451,14298.642,14323.161,3533
2026-06-20 05:00:00,14323.152,14391.876,14297.829,14380.45,3536
2026-06-20 06:00:00,14380.435,14380.435,14348.642,14371.209,3536
2026-06-20 07:00:00,14371.184,14383.484,14332.734,14332.734,3521
2026-06-20 08:00:00,14332.717,14332.717,14291.955,14302.691,3519
2026-06-20 09:00:00,14302.676,14361.234,14297.412,14353.135,3538
2026-06-20 10:00:00,14353.125,14353.754,14323.038,14344.391,3535
2026-06-20 11:00:00,14344.391,14344.391,14299.292,14299.292,3538
2026-06-20 12:00:00,14299.288,14321.103,14286.945,14307.433,3510
2026-06-20 13:00:00,14307.419,14350.613,14296.467,14330.374,3518
2026-06-20 14:00:00,14330.369,14347.037,14318.223,14340.895,3535
2026-06-20 15:00:00,14340.889,14340.889,14289.676,14289.676,3517
2026-06-20 16:00:00,14289.672,14331.966,14278.816,14319.675,3524
2026-06-20 17:00:00,14319.65,14344.612,14311.385,14322.135,3532
2026-06-20 18:00:00,14322.104,14334.967,14294.292,14314.691,3538
2026-06-20 19:00:00,14314.685,14328.3,14295.525,14309.172,3535
2026-06-20 20:00:00,14309.171,14337.688,14272.6,14329.875,3538
2026-06-20 21:00:00,14329.852,14352.92,14318.045,14327.868,3522
2026-06-20 22:00:00,14327.843,14330.903,14300.359,14300.359,3546
2026-06-20 23:00:00,14300.342,14330.786,14287.524,14309.835,3532
2026-06-21 00:00:00,14309.834,14317.238,14281.812,14281.812,3521
2026-06-21 01:00:00,14281.794,14294.318,14259.37,14270.224,3527
2026-06-21 02:00:00,14270.215,14331.681,14256.175,14326.976,3529
2026-06-21 03:00:00,14326.957,14331.181,14301.475,14322.538,3526
2026-06-21 04:00:00,14322.521,14333.435,14296.42,14325.188,3542
2026-06-21 05:00:00,14325.157,14333.931,14309.643,14322.427,3537
2026-06-21 06:00:00,14322.416,14356.803,14310.129,14328.391,3538
2026-06-21 07:00:00,14328.385,14394.786,14322.63,14361.412,3533
2026-06-21 08:00:00,14361.391,14394.23,14352.168,14374.732,3519
2026-06-21 09:00:00,14374.715,14409.523,14371.041,14387.143,3526
2026-06-21 10:00:00,14387.114,14441.141,14380.647,14414.989,3546
2026-06-21 11:00:00,14414.984,14435.219,14386.974,14425.611,3527
2026-06-21 12:00:00,14425.603,14439.373,14387.703,14387.703,3536
2026-06-21 13:00:00,14387.688,14405.707,14359.725,14401.332,3536
2026-06-21 14:00:00,14401.315,14409.821,14384.948,14389.526,3527
2026-06-21 15:00:00,14389.517,14402.819,14369.535,14402.353,3516
2026-06-21 16:00:00,14402.339,14472.693,14395.898,14464.751,3530
2026-06-21 17:00:00,14464.737,14464.737,14423.774,14443.567,3544
2026-06-21 18:00:00,14443.554,14465.379,14429.58,14438.174,3523
2026-06-21 19:00:00,14438.137,14438.137,14394.191,14397.013,3529
2026-06-21 20:00:00,14396.998,14421.418,14373.125,14414.829,3540
2026-06-21 21:00:00,14414.828,14506.432,14408.037,14500.465,3542
2026-06-21 22:00:00,14500.451,14538.005,14486.561,14532.011,3510
2026-06-21 23:00:00,14531.977,14536.189,14515.535,14515.535,3517
2026-06-22 00:00:00,14515.519,14548.004,14508.38,14517.873,3524
2026-06-22 01:00:00,14517.851,14518.147,14483.863,14483.863,3540
2026-06-22 02:00:00,14483.837,14516.817,14478.67,14478.67,3520
2026-06-22 03:00:00,14478.66,14478.66,14440.516,14455.393,3533
2026-06-22 04:00:00,14455.383,14455.383,14422.197,14441.765,3517
2026-06-22 05:00:00,14441.759,14443.523,14411.149,14433.794,3515
2026-06-22 06:00:00,14433.764,14484.648,14428.281,14478.438,3540
2026-06-22 07:00:00,14478.417,14478.417,14426.253,14426.253,3534
2026-06-22 08:00:00,14426.245,14426.245,14384.967,14385.642,3540
2026-06-22 09:00:00,14385.618,14420.231,14372.697,14412.939,3539
2026-06-22 10:00:00,14412.937,14432.611,14392.052,14423.52,3533
2026-06-22 11:00:00,14423.503,14494.693,14413.594,14488.706,3528
2026-06-22 12:00:00,14488.704,14488.704,14447.455,14447.455,3534
2026-06-22 13:00:00,14447.451,14460.386,14427.385,14452.708,3523
2026-06-22 14:00:00,14452.696,14469.043,14434.868,14459.012,3541
2026-06-22 15:00:00,14459.01,14459.01,14430.495,14447.958,3532
2026-06-22 16:00:00,14447.947,14472.307,14430.701,14454.526,3535
2026-06-22 17:00:00,14454.521,14454.521,14404.748,14404.748,3527
2026-06-22 18:00:00,14404.737,14426.014,14378.854,14416.826,3538
2026-06-22 19:00:00,14416.811,14437.528,14401.12,14409.801,3524
2026-06-22 20:00:00,14409.774,14409.774,14358.792,14358.792,3516
2026-06-22 21:00:00,14358.79,14401.976,14351.76,14374.123,3525
2026-06-22 22:00:00,14374.114,14425.485,14372.866,14411.471,3520
2026-06-22 23:00:00,14411.456,14413.452,14383.924,14404.014,3536
2026-06-23 00:00:00,14404.006,14404.006,14372.436,14389.788,3518
2026-06-23 01:00:00,14389.775,14420.137,14380.47,14398.655,3526
2026-06-23 02:00:00,14398.652,14452.959,14383.098,14432.726,3530
2026-06-23 03:00:00,14432.691,14432.691,14404.102,14426.62,3537
2026-06-23 04:00:00,14426.607,14426.607,14398.562,14398.562,3537
2026-06-23 05:00:00,14398.556,14420.747,14380.616,14415.067,3523
2026-06-23 06:00:00,14415.065,14436.082,14378.685,14431.072,3531
2026-06-23 07:00:00,14431.057,14446.032,14417.676,14420.63,3509
2026-06-23 08:00:00,14420.615,14459.365,14417.457,14456.658,3528
2026-06-23 09:00:00,14456.634,14475.349,14438.824,14456.126,3534
2026-06-23 10:00:00,14456.118,14456.118,14408.431,14408.431,3541
2026-06-23 11:00:00,14408.427,14476.4,14403.04,14467.672,3531
2026-06-23 12:00:00,14467.645,14520.799,14466.682,14509.666,3529
2026-06-23 13:00:00,14509.648,14558.021,14494.839,14545.928,3532
2026-06-23 14:00:00,14545.918,14555.623,14520.53,14546.218,3534
2026-06-23 15:00:00,14546.19,14639.172,14530.848,14635.623,3530
2026-06-23 16:00:00,14635.598,14670.496,14625.759,14635.511,3548
2026-06-23 17:00:00,14635.489,14674.563,14611.838,14670.683,3538
2026-06-23 18:00:00,14670.651,14682.708,14642.476,14661.636,3538
2026-06-23 19:00:00,14661.626,14676.722,14633.954,14670.597,3539
2026-06-23 20:00:00,14670.582,14697.764,14659.44,14659.44,3530
2026-06-23 21:00:00,14659.417,14686.381,14650.168,14650.168,3499
2026-06-23 22:00:00,14650.151,14650.151,14609.654,14624.718,3521
2026-06-23 23:00:00,14624.705,14676.309,14624.58,14666.949,3541
2026-06-24 00:00:00,14666.939,14722.455,14663.968,14717.855,3538
2026-06-24 01:00:00,14717.852,14742.796,14687.344,14737.71,3524
2026-06-24 02:00:00,14737.702,14757.485,14713.508,14741.8,3533
2026-06-24 03:00:00,14741.775,14786.314,14732.768,14762.848,3538
2026-06-24 04:00:00,14762.822,14799.586,14740.44,14778.492,3527
2026-06-24 05:00:00,14778.464,14803.857,14772.448,14778.362,3534
2026-06-24 06:00:00,14778.324,14813.25,14769.696,14788.211,3543
2026-06-24 07:00:00,14788.196,14788.196,14747.644,14753.509,3535
2026-06-24 08:00:00,14753.498,14753.498,14719.564,14742.91,3530
2026-06-24 09:00:00,14742.91,14801.719,14729.719,14788.384,3533
2026-06-24 10:00:00,14788.38,14894.619,14787.443,14866.379,3534
2026-06-24 11:00:00,14866.351,14873.366,14840.004,14873.111,3529
2026-06-24 12:00:00,14873.085,14893.937,14866.068,14869.566,3529
2026-06-24 13:00:00,14869.555,14882.114,14843.424,14843.424,3529
2026-06-24 14:00:00,14843.413,14874.633,14838.746,14844.286,3523
2026-06-24 15:00:00,14844.261,14866.623,14832.795,14856.028,3519
2026-06-24 16:00:00,14856.017,14867.3,14827.066,14827.066,3532
2026-06-24 17:00:00,14827.048,14827.048,14787.349,14787.349,3524
2026-06-24 18:00:00,14787.326,14863.537,14783.211,14854.048,3544
2026-06-24 19:00:00,14854.046,14857.339,14824.768,14825.668,3521
2026-06-24 20:00:00,14825.656,14878.177,14814.445,14870.808,3546
2026-06-24 21:00:00,14870.787,14870.787,14843.065,14843.065,3530
2026-06-24 22:00:00,14843.032,14843.032,14814.935,14825.805,3532
2026-06-24 23:00:00,14825.801,14825.801,14786.019,14786.677,3528
2026-06-25 00:00:00,14786.663,14864.405,14775.436,14842.364,3538
2026-06-25 01:00:00,14842.342,14869.542,14827.051,14856.912,3532
2026-06-25 02:00:00,14856.894,14892.488,14845.351,14883.325,3545
2026-06-25 03:00:00,14883.315,14898.513,14866.413,14886.074,3542
2026-06-25 04:00:00,14886.069,14887.088,14841.466,14841.466,3524
2026-06-25 05:00:00,14841.459,14865.029,14826.652,14826.652,3539
2026-06-25 06:00:00,14826.604,14877.232,14809.088,14854.246,3529
2026-06-25 07:00:00,14854.224,14879.221,14841.079,14874.175,3529
2026-06-25 08:00:00,14874.169,14889.674,14854.33,14862.997,3532
2026-06-25 09:00:00,14862.99,14874.239,14838.391,14838.391,3534
2026-06-25 10:00:00,14838.353,14864.825,14829.996,14829.996,3540
2026-06-25 11:00:00,14829.989,14829.989,14783.803,14790.907,3527
2026-06-25 12:00:00,14790.894,14790.894,14753.102,14753.102,3530
2026-06-25 13:00:00,14753.094,14757.247,14714.976,14756.656,3532
2026-06-25 14:00:00,14756.655,14828.274,14734.76,14816.665,3541
2026-06-25 15:00:00,14816.643,14865.036,14806.144,14849.075,3532
2026-06-25 16:00:00,14849.067,14878.617,14845.004,14856.105,3536
2026-06-25 17:00:00,14856.086,14905.678,14855.825,14891.802,3534
2026-06-25 18:00:00,14891.794,14959.246,14890.855,14952.024,3537
2026-06-25 19:00:00,14951.998,14993.847,14945.492,14976.294,3539
2026-06-25 20:00:00,14976.287,14980.434,14931.319,14979.056,3538
2026-06-25 21:00:00,14979.046,14990.58,14959.546,14959.546,3546
2026-06-25 22:00:00,14959.523,14990.853,14945.432,14945.432,3535
2026-06-25 23:00:00,14945.425,14983.553,14944.379,14972.321,3542
2026-06-26 00:00:00,14972.283,14996.225,14970.277,14972.046,3544
2026-06-26 01:00:00,14972.033,14972.033,14920.798,14920.798,3529
2026-06-26 02:00:00,14920.774,14940.573,14896.199,14896.199,3525
2026-06-26 03:00:00,14896.175,14948.529,14894.611,14927.98,3522
2026-06-26 04:00:00,14927.974,14967.396,14919.494,14950.889,3534
2026-06-26 05:00:00,14950.867,14977.964,14933.745,14933.745,3545
2026-06-26 06:00:00,14933.731,14973.009,14933.032,14948.243,3532
2026-06-26 07:00:00,14948.234,14948.234,14910.772,14926.924,3545
2026-06-26 08:00:00,14926.912,14932.618,14893.145,14893.145,3542
2026-06-26 09:00:00,14893.124,14893.124,14867.781,14867.781,3518
2026-06-26 10:00:00,14867.747,14879.113,14838.144,14838.144,3545
2026-06-26 11:00:00,14838.143,14838.143,14785.322,14785.322,3532
2026-06-26 12:00:00,14785.312,14805.608,14773.504,14778.591,3535
2026-06-26 13:00:00,14778.585,14795.056,14742.852,14742.852,3522
2026-06-26 14:00:00,14742.835,14778.567,14735.754,14739.332,3539
2026-06-26 15:00:00,14739.327,14774.152,14721.436,14765.571,3534
2026-06-26 16:00:00,14765.559,14789.907,14750.232,14774.898,3501
2026-06-26 17:00:00,14774.898,14802.132,14757.779,14757.779,3534
2026-06-26 18:00:00,14757.75,14757.75,14719.554,14744.373,3532
2026-06-26 19:00:00,14744.364,14844.162,14733.435,14826.701,3543
2026-06-26 20:00:00,14826.678,14868.32,14824.167,14854.246,3519
2026-06-26 21:00:00,14854.24,14876.62,14841.702,14853.947,3539
2026-06-26 22:00:00,14853.931,14924.691,14853.115,14906.496,3532
2026-06-26 23:00:00,14906.495,14935.092,14893.605,14915.364,3531
2026-06-27 00:00:00,14915.352,14915.352,14882.311,14892.343,3538
2026-06-27 01:00:00,14892.314,14916.714,14879.062,14906.812,3532
2026-06-27 02:00:00,14906.795,14951.627,14897.908,14925.545,3530
2026-06-27 03:00:00,14925.522,14999.073,14908.69,14984.046,3532
2026-06-27 04:00:00,14984.025,14984.025,14929.989,14929.989,3545
2026-06-27 05:00:00,14929.96,14929.96,14880.262,14880.262,3540
2026-06-27 06:00:00,14880.244,14880.244,14831.634,14831.634,3534
2026-06-27 07:00:00,14831.614,14831.614,14791.408,14791.408,3528
2026-06-27 08:00:00,14791.404,14791.404,14760.381,14760.381,3545
2026-06-27 09:00:00,14760.361,14762.934,14721.835,14727.331,3536
2026-06-27 10:00:00,14727.302,14750.75,14719.938,14726.267,3525
2026-06-27 11:00:00,14726.246,14737.101,14695.841,14716.959,3524
2026-06-27 12:00:00,14716.954,14741.054,14709.894,14716.479,3544
2026-06-27 13:00:00,14716.446,14716.446,14663.969,14663.969,3528
2026-06-27 14:00:00,14663.964,14663.964,14633.168,14646.047,3529
2026-06-27 15:00:00,14646.007,14658.615,14628.47,14646.137,3536
2026-06-27 16:00:00,14646.126,14646.126,14624.121,14625.469,3521
2026-06-27 17:00:00,14625.466,14687.337,14617.669,14674.359,3527
2026-06-27 18:00:00,14674.33,14691.873,14649.834,14690.145,3540
2026-06-27 19:00:00,14690.138,14734.312,14679.289,14708.568,3533
2026-06-27 20:00:00,14708.551,14747.836,14704.307,14737.319,3536
2026-06-27 21:00:00,14737.292,14747.435,14713.609,14725.35,3522
2026-06-27 22:00:00,14725.344,14743.264,14695.272,14736.317,3536
2026-06-27 23:00:00,14736.313,14736.313,14688.748,14704.844,3528
2026-06-28 00:00:00,14704.829,14717.45,14690.709,14690.771,3526
2026-06-28 01:00:00,14690.765,14699.067,14657.521,14657.521,3540
2026-06-28 02:00:00,14657.505,14676.866,14640.074,14673.677,3518
2026-06-28 03:00:00,14673.648,14673.648,14632.158,14644.422,3524
2026-06-28 04:00:00,14644.411,14674.401,14636.354,14637.553,3535
2026-06-28 05:00:00,14637.542,14692.077,14632.921,14683.888,3541
2026-06-28 06:00:00,14683.861,14699.053,14660.443,14660.443,3537
2026-06-28 07:00:00,14660.43,14693.101,14648.324,14676.504,3523
2026-06-28 08:00:00,14676.485,14694.657,14664.406,14684.022,3534
2026-06-28 09:00:00,14684.0,14722.733,14666.341,14703.788,3528
2026-06-28 10:00:00,14703.762,14716.141,14682.92,14698.859,3509
2026-06-28 11:00:00,14698.852,14698.852,14660.488,14660.488,3530
2026-06-28 12:00:00,14660.488,14665.657,14632.629,14665.649,3539
2026-06-28 13:00:00,14665.638,14723.012,14663.709,14692.969,3529
2026-06-28 14:00:00,14692.967,14725.933,14673.108,14711.137,3533
2026-06-28 15:00:00,14711.126,14742.731,14710.317,14729.237,3518
2026-06-28 16:00:00,14729.217,14795.135,14717.694,14786.392,3522
2026-06-28 17:00:00,14786.369,14812.792,14772.345,14811.15,3540
2026-06-28 18:00:00,14811.12,14828.877,14792.24,14822.325,3542
2026-06-28 19:00:00,14822.292,14936.694,14816.871,14922.623,3520
2026-06-28 20:00:00,14922.61,14929.357,14901.246,14918.822,3533
2026-06-28 21:00:00,14918.815,14947.862,14911.116,14914.273,3540
2026-06-28 22:00:00,14914.268,14929.487,14900.529,14900.529,3551
2026-06-28 23:00:00,14900.517,14927.204,14896.545,14905.215,3540
2026-06-29 00:00:00,14905.214,14905.214,14861.629,14861.629,3539
2026-06-29 01:00:00,14861.623,14861.623,14827.677,14842.795,3531
2026-06-29 02:00:00,14842.773,14932.467,14838.246,14918.227,3528
2026-06-29 03:00:00,14918.213,14989.081,14915.157,14953.509,3542
2026-06-29 04:00:00,14953.503,14983.146,14932.132,14982.38,3543
2026-06-29 05:00:00,14982.377,15002.847,14964.354,14964.354,3535
2026-06-29 06:00:00,14964.351,14995.132,14961.518,14988.607,3536
2026-06-29 07:00:00,14988.59,15001.497,14972.479,14986.603,3515
2026-06-29 08:00:00,14986.598,14986.598,14932.433,14932.433,3534
2026-06-29 09:00:00,14932.428,14968.974,14920.79,14958.55,3528
2026-06-29 10:00:00,14958.542,14977.784,14930.191,14971.56,3526
2026-06-29 11:00:00,14971.533,14976.41,14940.481,14940.481,3536
2026-06-29 12:00:00,14940.479,14968.529,14925.007,14966.875,3525
2026-06-29 13:00:00,14966.861,15079.793,14963.602,15050.521,3541
2026-06-29 14:00:00,15050.502,15064.43,15023.315,15052.492,3530
2026-06-29 15:00:00,15052.456,15082.35,15048.882,15064.907,3541
2026-06-29 16:00:00,15064.887,15064.887,15017.359,15017.359,3520
2026-06-29 17:00:00,15017.351,15017.351,14981.386,14992.836,3544
2026-06-29 18:00:00,14992.835,15013.081,14982.026,14983.271,3531
2026-06-29 19:00:00,14983.258,15000.797,14961.538,14985.119,3535
2026-06-29 20:00:00,14985.096,14997.581,14966.819,14970.778,3524
2026-06-29 21:00:00,14970.75,15058.461,14967.178,15026.185,3530
2026-06-29 22:00:00,15026.172,15030.078,14998.174,14998.174,3545
2026-06-29 23:00:00,14998.149,15027.205,14984.976,15012.25,3528
2026-06-30 00:00:00,15012.248,15033.056,14995.043,15011.42,3531
2026-06-30 01:00:00,15011.392,15011.392,14967.457,14985.48,3544
2026-06-30 02:00:00,14985.477,14985.477,14932.673,14932.673,3525
2026-06-30 03:00:00,14932.635,15003.192,14928.223,14974.474,3535
2026-06-30 04:00:00,14974.444,15004.171,14963.524,14984.827,3536
2026-06-30 05:00:00,14984.825,15031.724,14965.417,15028.109,3530
2026-06-30 06:00:00,15028.095,15028.095,15001.075,15013.92,3536
2026-06-30 07:00:00,15013.908,15013.908,14983.912,14995.773,3542
2026-06-30 08:00:00,14995.751,15008.938,14964.026,14964.026,3541
2026-06-30 09:00:00,14964.02,14976.894,14948.04,14948.04,3544
2026-06-30 10:00:00,14948.038,14970.277,14925.906,14969.63,3531
2026-06-30 11:00:00,14969.597,14972.379,14934.737,14959.918,3530
2026-06-30 12:00:00,14959.915,15029.754,14953.052,15023.504,3526
2026-06-30 13:00:00,15023.471,15036.59,15002.565,15015.239,3529
2026-06-30 14:00:00,15015.212,15015.212,14963.442,14963.442,3526
2026-06-30 15:00:00,14963.409,15018.966,14961.119,15007.824,3540
2026-06-30 16:00:00,15007.814,15020.568,14993.934,14994.456,3545
2026-06-30 17:00:00,14994.444,15007.155,14960.799,14960.799,3541
2026-06-30 18:00:00,14960.759,14962.69,14925.098,14946.436,3530
2026-06-30 19:00:00,14946.413,14946.413,14923.131,14924.214,3536
2026-06-30 20:00:00,14924.191,14925.706,14898.864,14898.864,3522
2026-06-30 21:00:00,14898.835,14987.283,14894.799,14981.461,3534
2026-06-30 22:00:00,14981.442,15040.822,14975.245,15035.542,3522
2026-06-30 23:00:00,15035.528,15055.668,15025.847,15032.026,3541
2026-07-01 00:00:00,15032.013,15045.536,15019.696,15037.634,3552
2026-07-01 01:00:00,15037.63,15074.682,15029.297,15046.93,3526
2026-07-01 02:00:00,15046.909,15098.666,15044.293,15057.316,3540
2026-07-01 03:00:00,15057.307,15114.355,15048.575,15096.543,3544
2026-07-01 04:00:00,15096.532,15113.874,15080.254,15109.642,3541
2026-07-01 05:00:00,15109.622,15109.622,15073.369,15101.857,3540
2026-07-01 06:00:00,15101.855,15147.762,15087.361,15140.208,3536
2026-07-01 07:00:00,15140.175,15140.175,15098.517,15122.091,3541
2026-07-01 08:00:00,15122.09,15149.333,15112.516,15138.278,3543
2026-07-01 09:00:00,15138.277,15162.207,15129.181,15130.068,3522
2026-07-01 10:00:00,15130.057,15142.151,15102.357,15102.357,3536
2026-07-01 11:00:00,15102.343,15102.343,15053.288,15053.288,3527
2026-07-01 12:00:00,15053.277,15060.306,15023.988,15036.061,3553
2026-07-01 13:00:00,15036.038,15073.685,15028.488,15057.222,3521
2026-07-01 14:00:00,15057.202,15072.033,15049.83,15054.487,3508
2026-07-01 15:00:00,15054.474,15054.474,15008.396,15008.396,3531
2026-07-01 16:00:00,15008.376,15015.499,14980.994,14999.368,3551
2026-07-01 17:00:00,14999.348,15019.012,14986.598,15010.106,3543
2026-07-01 18:00:00,15010.093,15102.889,15003.35,15102.851,3542
2026-07-01 19:00:00,15102.818,15105.333,15080.576,15082.898,3531
2026-07-01 20:00:00,15082.882,15094.514,15055.693,15055.693,3546
2026-07-01 21:00:00,15055.691,15055.691,15009.826,15009.826,3551
2026-07-01 22:00:00,15009.809,15011.227,14984.016,14984.016,3536
2026-07-01 23:00:00,14983.994,15010.52,14972.725,15009.531,3543
2026-07-02 00:00:00,15009.52,15009.52,14971.592,14971.592,3534
2026-07-02 01:00:00,14971.558,14971.648,14929.248,14939.982,3533
2026-07-02 02:00:00,14939.953,14939.953,14888.906,14893.471,3542
2026-07-02 03:00:00,14893.463,14897.431,14850.124,14889.354,3522
2026-07-02 04:00:00,14889.336,14905.984,14866.14,14873.071,3534
2026-07-02 05:00:00,14873.059,14895.114,14841.186,14891.983,3539
2026-07-02 06:00:00,14891.971,14921.327,14871.427,14909.974,3531
2026-07-02 07:00:00,14909.969,14932.351,14897.399,14928.996,3528
2026-07-02 08:00:00,14928.98,14928.98,14887.603,14889.379,3530
2026-07-02 09:00:00,14889.371,14902.526,14857.171,14857.171,3534
2026-07-02 10:00:00,14857.153,14914.751,14833.881,14908.766,3548
2026-07-02 11:00:00,14908.751,14921.14,14884.327,14884.327,3546
2026-07-02 12:00:00,14884.315,14929.612,14882.125,14925.326,3527
2026-07-02 13:00:00,14925.323,14954.628,14907.499,14933.991,3532
2026-07-02 14:00:00,14933.961,14991.95,14925.196,14990.503,3540
2026-07-02 15:00:00,14990.493,14993.909,14964.778,14977.261,3533
2026-07-02 16:00:00,14977.258,15030.082,14967.805,15008.495,3523
2026-07-02 17:00:00,15008.487,15042.967,14988.774,15030.66,3545
2026-07-02 18:00:00,15030.641,15054.4,15023.287,15040.951,3515
2026-07-02 19:00:00,15040.937,15047.342,15010.042,15038.36,3544
2026-07-02 20:00:00,15038.342,15052.401,15024.215,15043.505,3520
2026-07-02 21:00:00,15043.503,15089.186,15027.885,15086.12,3537
2026-07-02 22:00:00,15086.103,15091.427,15063.293,15079.427,3536
2026-07-02 23:00:00,15079.422,15125.135,15068.182,15119.654,3544
2026-07-03 00:00:00,15119.653,15147.785,15084.299,15142.053,3545
2026-07-03 01:00:00,15142.047,15150.103,15110.555,15115.642,3537
2026-07-03 02:00:00,15115.613,15115.613,15068.125,15068.125,3528
2026-07-03 03:00:00,15068.125,15102.238,15042.364,15088.415,3540
2026-07-03 04:00:00,15088.401,15105.435,15053.26,15053.26,3547
2026-07-03 05:00:00,15053.227,15091.709,15044.585,15071.946,3523
2026-07-03 06:00:00,15071.929,15089.609,15041.656,15070.126,3550
2026-07-03 07:00:00,15070.084,15075.656,15037.747,15037.747,3528
2026-07-03 08:00:00,15037.73,15063.715,15030.743,15052.571,3520
2026-07-03 09:00:00,15052.546,15053.651,15026.659,15052.226,3551
2026-07-03 10:00:00,15052.189,15076.77,15036.773,15036.773,3529
2026-07-03 11:00:00,15036.765,15092.662,15019.087,15073.953,3538
2026-07-03 12:00:00,15073.93,15089.275,15060.601,15060.601,3527
2026-07-03 13:00:00,15060.58,15099.286,15053.951,15054.072,3538
2026-07-03 14:00:00,15054.055,15065.318,15015.112,15063.949,3530
2026-07-03 15:00:00,15063.938,15086.429,15056.28,15080.776,3543
2026-07-03 16:00:00,15080.755,15110.941,15074.098,15082.714,2582
